smiles,id,pic50,standard_value,label
C#C[C@@]1(N)CCCN(c2cnc(-c3ccc(F)c(F)c3)cc2Cn2cnc3c(N)ncnc32)C1,CHEMBL6036306,6.279840697,525,1
C=CC(=O)NCc1cc(C(=O)NCc2c(SC)cc(C)[nH]c2=O)c(C)c(N(CC)C2CCOCC2)c1,CHEMBL5401398,5,10000,0
C=CC(=O)Nc1cc(NC(=O)Nc2ccc3nnsc3c2)cc(C(=O)OC)c1,CHEMBL5402134,5.091514981,8100,0
C=CC(=O)Nc1ccc(-c2cc(Cn3cnc4c(N)ncnc43)c(N3CCCC(N)(CC(F)F)C3)cn2)cc1,CHEMBL5801097,6.279840697,525,1
CC#CC(=O)N1CCC2(CC1)CN(C1=C(Cl)C(=O)c3cccnc3C1=O)C2,CHEMBL5424751,6.119186408,760,1
CC#CC(=O)N1CCC2(CC1)CN(C1=C(Cl)C(=O)c3ncccc3C1=O)C2,CHEMBL5403046,5.605548319,2480,0
CC#CC(=O)NC12CC(NC3=C(Cl)C(=O)c4cccnc4C3=O)(C1)C2,CHEMBL5415704,6.602059991,250,1
CC#CC(=O)NC12CC(NC3=C(Cl)C(=O)c4ncccc4C3=O)(C1)C2,CHEMBL5422549,6.638272164,230,1
CC#CC(=O)NC1CN(C2=C(Cl)C(=O)c3cccnc3C2=O)C1,CHEMBL5401066,6.508638306,310,1
CC#CC(=O)NC1CN(C2=C(Cl)C(=O)c3ncccc3C2=O)C1,CHEMBL5435611,6.229147988,590,1
CC#CC(=O)NCCC1CCN(C2=C(Cl)C(=O)c3cccnc3C2=O)CC1,CHEMBL5412710,5.76700389,1710,0
CC#CC(=O)NCCC1CCN(C2=C(Cl)C(=O)c3ncccc3C2=O)CC1,CHEMBL5401031,6.30980392,490,1
CC(=C(F)F)[C@@]1(N)CCCN(c2cnc(-c3ccc(F)c(F)c3)cc2Cn2cnc3c(N)ncnc32)C1,CHEMBL5815873,6.279840697,525,1
CC(=O)N(C)C1CCN(c2cc(F)cc(NC(=O)c3cc4c(F)ccc(C)c4[nH]3)c2)C1,CHEMBL5073608,8.15490196,7,1
CC(=O)N1CCC(N2C[C@@H]3C[C@@H](C2)c2ccc(-c4ccccc4CN4CCOCC4)c(=O)n2C3)CC1,CHEMBL5406103,6.050609993,890,1
CC(=O)N1CCC(N2C[C@H]3C[C@@H](C2)c2ccc(-c4ccccc4CN4CCOCC4)c(=O)n2C3)CC1,CHEMBL4876215,3.096910013,800000,0
CC(=O)N1CCC(Nc2cccc3c(S(=O)(=O)NCc4ccccc4)cccc23)CC1,CHEMBL4851472,5.124938737,7500,0
CC(=O)N1CCN([C@H]2CCC[C@@H](NC(=O)c3cc4c(F)ccc(C)c4[nH]3)C2)CC1,CHEMBL5095235,7.744727495,18,1
CC(=O)Nc1cccc2c(S(=O)(=O)NCc3ccccc3)cccc12,CHEMBL4859524,4.698970004,20000,0
CC(=O)c1ccc(-c2cc(NC(=O)Nc3ccc4nnsc4c3)cc(C(F)(F)F)c2)s1,CHEMBL5420895,5.13667714,7300,0
CC(C(=O)C1(N)CCCN(c2cnc(-c3ccc(F)c(F)c3)cc2Cn2cnc3c(N)ncnc32)C1)C1CC1,CHEMBL5805522,6.279840697,525,1
CC(C)(C)C(=O)[C@@]1(N)CCCN(c2cnc(-c3ccc(F)c(F)c3)cc2Cn2cnc3c(N)ncnc32)C1,CHEMBL5785574,6.279840697,525,1
CC(C)(C)NS(=O)(=O)c1cccc2c(N)cccc12,CHEMBL4874995,4.735182177,18400,0
CC(C)(C)OC(=O)NC1(COC2CC2)CCCC(c2cnc(-c3ccc(F)c(F)c3)cc2Cn2cnc3c(N(C(=O)OC(C)(C)C)C(=O)OC(C)(C)C)ncnc32)C1,CHEMBL5751773,8.259637311,5.5,1
CC(C)(O)[C@H](F)CNC1=C(Cl)C(=O)c2ccc(Cl)nc2C1=O,CHEMBL5412847,6.602059991,250,1
CC(C)(O)[C@H](F)CNC1=C(Cl)C(=O)c2ccc(N3CC(O)C3)nc2C1=O,CHEMBL5395206,5,10000,0
CC(C)(O)[C@H](F)CNC1=C(Cl)C(=O)c2ccc(N3CCC(F)(F)C3)nc2C1=O,CHEMBL5397372,6.031517051,930,1
CC(C)(O)[C@H](F)CNC1=C(Cl)C(=O)c2ccc(N3CCCC3)nc2C1=O,CHEMBL5419919,6.443697499,360,1
CC(C)(O)[C@H](F)CNC1=C(Cl)C(=O)c2ccc(N3C[C@@H](O)[C@H](O)C3)nc2C1=O,CHEMBL5412582,5.913640169,1220,0
CC(C)(O)[C@H](F)CNC1=C(Cl)C(=O)c2cccnc2C1=O,CHEMBL5433538,6.522878745,300,1
CC(C)(O)[C@H](F)CNC1=C(Cl)C(=O)c2ncccc2C1=O,CHEMBL5401919,5.882728704,1310,0
CC(C)C(=O)[C@@]1(N)CCCN(c2cnc(-c3ccc(F)c(F)c3)cc2Cn2cnc3c(N)ncnc32)C1,CHEMBL5768291,6.279840697,525,1
CC(C)C(C)C(=O)C1(N)CCCN(c2cnc(-c3ccc(F)c(F)c3)cc2Cn2cnc3c(N(C(=O)OC(C)(C)C)C(=O)OC(C)(C)C)ncnc32)C1,CHEMBL5836602,6.279840697,525,1
CC(C)CN[C@@H](CC[C@H](N)C(=O)O)C[C@H]1O[C@@H](n2cnc3c(N)ncnc32)[C@H](O)[C@@H]1O,CHEMBL5441106,5.744727495,1800,0
CC(C)N1CCC(Nc2nc(C#N)nc3ccccc23)CC1,CHEMBL5619303,6.42365865,377,1
CC(C)OC[C@@]1(N)CCCN(c2cnc(-c3ccc(F)c(F)c3)cc2Cn2cnc3c(N)ncnc32)C1,CHEMBL5739719,8.259637311,5.5,1
CC(C)OC[C@@]1(N)CCCN(c2cnc(-c3ccc(F)cc3)cc2Cn2cnc3c(N)ncnc32)C1,CHEMBL6055441,6.279840697,525,1
CC(C)[C@H](O)[C@@]1(N)CCCN(c2cnc(-c3ccc(F)c(F)c3)cc2Cn2cnc3c(N)ncnc32)C1,CHEMBL6039983,6.279840697,525,1
CC(C)n1ccc([C@@]2(N)CCCN(c3cnc(-c4ccc(F)cc4)cc3Cn3cnc4c(N)ncnc43)C2)n1,CHEMBL5980149,8.259637311,5.5,1
CC(F)(F)C(=O)N1CCC2(CC1)CN(C1=C(Cl)C(=O)c3cccnc3C1=O)C2,CHEMBL5419286,6.48148606,330,1
CC(F)(F)C(=O)N1CCC2(CC1)CN(C1=C(Cl)C(=O)c3ncccc3C1=O)C2,CHEMBL5397613,5.515700161,3050,0
CC(F)(F)C(=O)NC12CC(NC3=C(Cl)C(=O)c4cccnc4C3=O)(C1)C2,CHEMBL5402620,6.522878745,300,1
CC(F)(F)C(=O)NC12CC(NC3=C(Cl)C(=O)c4ncccc4C3=O)(C1)C2,CHEMBL5418912,6.48148606,330,1
CC(F)(F)C(=O)NC1CN(C2=C(Cl)C(=O)c3cccnc3C2=O)C1,CHEMBL5422301,6.327902142,470,1
CC(F)(F)C(=O)NC1CN(C2=C(Cl)C(=O)c3ncccc3C2=O)C1,CHEMBL5402868,6.443697499,360,1
CC(F)(F)C(=O)NCCC1CCN(C2=C(Cl)C(=O)c3cccnc3C2=O)CC1,CHEMBL5430389,5.630784143,2340,0
CC(F)(F)C(=O)NCCC1CCN(C2=C(Cl)C(=O)c3ncccc3C2=O)CC1,CHEMBL5406546,5.869666232,1350,0
CC(F)(F)C(=O)NCCC1CN(C2=C(Cl)C(=O)c3cccnc3C2=O)C1,CHEMBL5436306,6.420216403,380,1
CC(F)(F)C(=O)NCCC1CN(C2=C(Cl)C(=O)c3ncccc3C2=O)C1,CHEMBL5402955,6.420216403,380,1
CC(O)c1ccc([C@@]2(N)CCCN(c3cnc(-c4ccc(F)c(F)c4)cc3Cn3cnc4c(N)ncnc43)C2)nc1Cl,CHEMBL5917719,6.279840697,525,1
CC(O)c1ccc([C@@]2(N)CCCN(c3cnc(-c4ccc(F)c(F)c4)cc3Cn3cnc4c(N)ncnc43)C2)nc1F,CHEMBL6041940,6.279840697,525,1
CC1(C(=O)C2(N)CCCN(c3cnc(-c4ccc(F)c(F)c4)cc3Cn3cnc4c(N)ncnc43)C2)CC1,CHEMBL6041369,6.279840697,525,1
CC1(C(=O)C2(N)CCCN(c3cnc(-c4ccc(F)c(F)c4)cc3Cn3cnc4c(N)ncnc43)C2)COC1,CHEMBL5771768,6,1000,1
CC1(C)CCC(CN2CCN(c3ccc(C(=O)NS(=O)(=O)c4ccc(NCC5CCOCC5)c([N+](=O)[O-])c4)c(Oc4cnc5[nH]ccc5c4)c3)CC2)=C(c2ccc(Cl)cc2)C1,CHEMBL3137309,5.769551079,1700,0
CC1CCCCN1C(=O)C1(N)CCCN(c2cnc(-c3ccc(F)c(F)c3)cc2Cn2cnc3c(N)ncnc32)C1,CHEMBL5986329,6.279840697,525,1
CC1CCCN1C(=O)C1(N)CCCN(c2cnc(-c3ccc(F)c(F)c3)cc2Cn2cnc3c(N)ncnc32)C1,CHEMBL5830931,6.279840697,525,1
CC1CN1c1cc(O)c2nc(N)sc2c1,CHEMBL5270736,4.573488739,26700,0
CCC(=O)c1cc(C)c(-c2ncn(C)c2-c2ccc(C#N)c3ccccc23)c(C)c1,CHEMBL5183513,4.657577319,22000,0
CCC(C)NC(CC[C@H](N)C(=O)O)C[C@H]1O[C@@H](n2cnc3c(N)ncnc32)[C@H](O)[C@@H]1O,CHEMBL4866486,5.48148606,3300,0
CCC(C)N[C@@H](CC[C@H](N)C(=O)O)C[C@H]1O[C@@H](n2cnc3c(N)ncnc32)[C@H](O)[C@@H]1O,CHEMBL5595246,5.744727495,1800,0
CCC(O)c1cc(C)c(-c2ncn(C)c2-c2ccc(C#N)c3ccccc23)c(C)c1,CHEMBL5202051,4.619788758,24000,0
CCCC[C@H](NC(=O)[C@@H](NC(=O)CNC(C)=O)C(C)C)C(=O)N[C@@H](CCCNC(=N)N)C(=O)N[C@H](C(N)=O)[C@@H](C)CC,CHEMBL5402803,4.657577319,22000,0
CCCN1CCC(Nc2cc(C#N)nc3cc(OCCCN4CCCC4)c(OC)cc23)CC1,CHEMBL5591500,6.101274818,792,1
CCCN1CCC(Nc2nc(C#N)nc3cc(OC)c(OC)cc23)CC1,CHEMBL5619878,6.244887734,569,1
CCCN1CCC(Nc2nc(C#N)nc3cc(OCCCN4CCCC4)c(OC)cc23)CC1,CHEMBL5593211,6.363512104,433,1
CCCN[C@@H](CC[C@H](N)C(=O)O)C[C@H]1O[C@@H](n2cnc3c(N)ncnc32)[C@H](O)[C@@H]1O,CHEMBL3414624,5.48148606,3300,0
CCC[C@H](C)[C@H](NC(=O)[C@@H](NC(=O)CNC(C)=O)C(C)C)C(=O)N[C@@H](CCCNC(=N)N)C(=O)N[C@H](C(N)=O)[C@@H](C)CC,CHEMBL5414580,4.657577319,22000,0
CCN1CCC(Nc2cccc3c(S(=O)(=O)NCc4ccccc4)cccc23)CC1,CHEMBL4846461,5.494850022,3200,0
CCN1CCC(Nc2nc(C#N)nc3cc(OC)c(OC)cc23)CC1,CHEMBL5619351,5.819874125,1514,0
CCNC(=O)C[C@@H]1N=C(c2ccc(Cl)cc2)c2cc(OC)ccc2-n2c(C)nnc21,CHEMBL1232461,6.920818754,120,1
CCNCc1cc(C)c(-c2ncn(C)c2-c2ccc(C#N)c3ccccc23)c(C)c1,CHEMBL5195926,6.15490196,700,1
CCO[C@H](C)C1(N)CCCN(c2cnc(-c3ccc(F)c(F)c3)cc2Cn2cnc3c(N)ncnc32)C1,CHEMBL6065300,6.279840697,525,1
CC[C@@H](C)C(=O)[C@@]1(N)CCCN(c2cnc(-c3ccc(F)c(F)c3)cc2Cn2cnc3c(N)ncnc32)C1,CHEMBL5870733,6.279840697,525,1
CC[C@H](C)C(=O)[C@@]1(N)CCCN(c2cnc(-c3ccc(F)c(F)c3)cc2Cn2cnc3c(N)ncnc32)C1,CHEMBL5437594,7.468521083,34,1
CCc1cccc([C@@]2(N)CCCN(c3cnc(-c4ccc(F)cc4)cc3Cn3cnc4c(N)ncnc43)C2)n1,CHEMBL6057026,8.259637311,5.5,1
CCc1cccc([C@@]2(N)CCCN(c3cnc(C4CC4)cc3Cn3cnc4c(N)ncnc43)C2)n1,CHEMBL5967216,6.279840697,525,1
CCc1cncc([C@@]2(N)CCCN(c3cnc(-c4ccc(F)cc4)cc3Cn3cnc4c(N)cccc43)C2)n1,CHEMBL5903897,6.279840697,525,1
CCc1cncc([C@@]2(N)CCCN(c3cnc(-c4ccc(F)cc4)cc3Cn3cnc4c(N)ncnc43)C2)n1,CHEMBL5829304,6.279840697,525,1
CCc1nccc([C@@]2(N)CCCN(c3cnc(-c4ccc(F)c(F)c4)cc3Cn3cnc4c(N)ncnc43)C2)n1,CHEMBL5755056,6.279840697,525,1
CCn1c(N)c(C#N)c2cc(Oc3ccc(NC(=O)CN)cc3)ccc21,CHEMBL3422652,4.920818754,12000,0
CCn1ccc(C2(N)CCCN(c3cnc(-c4ccc(F)cc4)cc3Cn3cnc4c(N)nccc43)C2)n1,CHEMBL5877455,6.279840697,525,1
CCn1ccc([C@@]2(N)CCCN(c3cnc(C4CC4)cc3Cn3cnc4c(N)nccc43)C2)n1,CHEMBL6057203,6.279840697,525,1
CN(C)C(=O)CC1(N)CCCN(c2cnc(-c3ccc(F)c(F)c3)cc2Cn2cnc3c(N)ncnc32)C1,CHEMBL5892541,6.279840697,525,1
CN(C)C(=O)CC[C@@]1(N)CCCN(c2cnc(-c3ccc(F)c(F)c3)cc2Cn2cnc3c(N)ncnc32)C1,CHEMBL5940354,6.279840697,525,1
CN(C)C(=O)C[C@@]1(N)CCCN(c2cnc(-c3cccc(F)c3)cc2Cn2cnc3c(N)ncnc32)C1,CHEMBL5887033,6.279840697,525,1
CN(C)C(=O)[C@@H]1[C@H](N)CCCN1c1cnc(-c2ccc(F)c(F)c2)cc1Cn1cnc2c(N)ncnc21,CHEMBL6052738,6,1000,1
CN(C)c1cccc2c(S(=O)(=O)NCc3ccccc3)cccc12,CHEMBL4854792,4.698970004,20000,0
CN(Cc1ccccc1)S(=O)(=O)c1cccc2c(N)cccc12,CHEMBL4848131,4.698970004,20000,0
CN1C(=O)[C@@]23C[C@]4([C@]56C[C@@]78SS[C@@](CO)(C(=O)N7[C@H]5Nc5ccccc56)N(C)C8=O)c5ccccc5N[C@@H]4N2C(=O)[C@]1(CO)SS3,CHEMBL1089316,5.22184875,6000,0
CN1C=CC([C@@]2(N)CCCN(c3cnc(-c4ccc(F)c(F)c4)cc3Cn3cnc4c(N)ncnc43)C2)N1,CHEMBL5862610,8.259637311,5.5,1
CN1CCC(CNS(=O)(=O)c2cccc3c(N)cccc23)CC1,CHEMBL4877109,5.468521083,3400,0
CN1CCC(Nc2cccc3c(S(=O)(=O)NCc4ccccc4)cccc23)CC1,CHEMBL4858477,5.22184875,6000,0
CNC(=O)CC1(N)CCCN(c2cnc(-c3ccc(F)c(F)c3)cc2Cn2cnc3c(N)ncc(Cl)c32)C1,CHEMBL6028828,6.279840697,525,1
CNC(=O)CC1(N)CCCN(c2cnc(-c3ccc(F)c(F)c3)cc2Cn2cnc3c(N)ncnc32)C1,CHEMBL5987953,6.279840697,525,1
CNC(=O)CC1(N)CCCN(c2cnc(-c3cccc(F)c3)cc2Cn2cnc3c(N)ncnc32)C1,CHEMBL5818816,6.279840697,525,1
CNC(=O)[C@@H]1[C@H](N)CCCN1c1cnc(-c2ccc(F)c(F)c2)cc1Cn1cnc2c(N)ncnc21,CHEMBL5866148,6,1000,1
CNC(=O)[C@@]1(N)CCCN(c2cnc(-c3cccc(F)c3)cc2Cn2cnc3c(N)ncnc32)C1,CHEMBL5438639,7.920818754,12,1
CNc1cc(-c2c(-c3c(C)cc(CN)cc3C)ncn2C)ccc1C#N,CHEMBL5201517,4.698970004,20000,0
CNc1nc(NC2CCN(Cc3ccccc3)CC2)c2cc(OC)c(OC)cc2n1,CHEMBL5618866,5.8224635,1505,0
CO/N=C(\C)C1(N)CCCN(c2cnc(-c3ccc(OC)c(F)c3)cc2Cn2cnc3c(N)ncnc32)C1,CHEMBL5890378,6.279840697,525,1
COC(=O)C1CCN(Cc2cc(C)c(-c3ncn(C)c3-c3ccc4c(c3)OCC(=O)N4)c(C)c2)CC1,CHEMBL5557662,9,1,1
COC(=O)C[C@@]1(N)CCCN(c2cnc(-c3cccc(F)c3)cc2Cn2cnc3c(N)ncnc32)C1,CHEMBL5891742,6.279840697,525,1
COC(=O)NC1(c2cccc(C)n2)CCCN(c2cnc(-c3ccc(F)c(F)c3)cc2Cn2cnc3c(N(C(=O)OC(C)(C)C)C(=O)OC(C)(C)C)ncnc32)C1,CHEMBL6036558,8.259637311,5.5,1
COC(=O)[C@@]1(N)CCCN(c2cnc(-c3cccc(F)c3)cc2Cn2cnc3c(N)ncnc32)C1,CHEMBL5965445,8.259637311,5.5,1
COC(=O)c1cc(NC(=O)Nc2ccc3nnsc3c2)cc(C(=O)OC)c1,CHEMBL5427103,5.431798276,3700,0
COC1CCC(C(=O)C2(N)CCCN(c3cnc(-c4ccc(F)c(F)c4)cc3Cn3cnc4c(N)ncnc43)C2)C1,CHEMBL5881805,6.279840697,525,1
COCC1CC(N)CN(c2cnc(-c3ccc(F)c(F)c3)cc2Cn2cnc3c(N)ncnc32)C1,CHEMBL5981155,6.279840697,525,1
COCCC1(N)CCCN(c2cnc(-c3ccc(F)c(F)c3)cc2Cn2cnc3c(N)ncnc32)C1,CHEMBL5746821,6.279840697,525,1
COCCOc1cc2nc(C#N)nc(NC3CCN(C(C)C)CC3)c2cc1OC,CHEMBL5620247,7.537602002,29,1
COC[C@@H]1[C@H](N)CCCN1c1cnc(-c2ccc(C#N)c(F)c2)cc1Cn1cnc2c(N)ncnc21,CHEMBL6004045,6.279840697,525,1
COC[C@@]1(N)CCCN(c2cnc(-c3cc(Cl)ccc3F)cc2Cn2cnc3c(N)ncnc32)C1,CHEMBL5396709,8.259637311,5.5,1
COC[C@@]1(N)CCCN(c2cnc(-c3ccc(F)c(Cl)c3)cc2Cn2cnc3c(N)ncnc32)C1,CHEMBL5955963,8.259637311,5.5,1
COC[C@@]1(N)CCCN(c2cnc(-c3ccc(F)c(F)c3)cc2Cn2cnc3c(N)ncnc32)C1,CHEMBL5408212,8.259637311,5.5,1
COC[C@@]1(N)CCCN(c2cnc(-c3ccc(F)cc3F)cc2Cn2cnc3c(N)ncnc32)C1,CHEMBL5419719,8.259637311,5.5,1
COC[C@@]1(N)CCCN(c2cnc(-c3ccc(OC)c(F)c3)cc2Cn2cnc3c(N)ncnc32)C1,CHEMBL5857132,7.269739004,265.25,1
COC[C@@]1(N)CCCN(c2cnc(-c3ccc(OC)cc3F)cc2Cn2cnc3c(N)ncnc32)C1,CHEMBL5947924,8.259637311,5.5,1
COC[C@@]1(N)CCCN(c2cnc(-c3cccc(Cl)c3)cc2Cn2cnc3c(N)ncnc32)C1,CHEMBL5783629,8.259637311,5.5,1
COC[C@@]1(N)CCCN(c2cnc(-c3cccc(F)c3)cc2Cn2cnc3c(N)ncnc32)C1,CHEMBL5968753,8.259637311,5.5,1
CO[C@@H](C)[C@@]1(N)CCCN(c2cnc(-c3ccc(F)c(F)c3)cc2Cn2cnc3c(N)ncnc32)C1,CHEMBL6063957,6.279840697,525,1
CO[C@H](C)[C@@]1(N)CCCN(c2cnc(-c3ccc(F)c(F)c3)cc2Cn2cnc3c(N)ncnc32)C1,CHEMBL5926402,6.279840697,525,1
COc1c(-c2ccc(F)c(F)c2)ncc(N2CCC[C@](N)([C@H](O)C(F)F)C2)c1Cn1cnc2c(N)ncnc21,CHEMBL5872987,8.259637311,5.5,1
COc1c(F)cc(-c2cc(Cn3cnc4c(N)ncnc43)c(N3CCC[C@](N)([C@@H](O)C(F)F)C3)cn2)cc1F,CHEMBL5989912,8.259637311,5.5,1
COc1c(F)cc(-c2cc(Cn3cnc4c(N)ncnc43)c(N3CCC[C@](N)([C@H](O)C(F)F)C3)cn2)cc1F,CHEMBL5783183,8.259637311,5.5,1
COc1c(F)cc(-c2cc(Cn3cnc4c(N)ncnc43)c(N3CCC[C@](N)(c4cccc(Cl)n4)C3)cn2)cc1F,CHEMBL6030242,8.259637311,5.5,1
COc1cc(-c2c(-c3c(C)cc(CN)cc3C)ncn2C)ccc1C#N,CHEMBL5196890,4.961379838,10930,0
COc1cc(CN)cc(OC)c1-c1ncn(C)c1-c1ccc(C#N)cc1,CHEMBL5189001,5.35261703,4440,0
COc1cc(CN)ccc1-c1ncn(C)c1-c1ccc(C#N)cc1,CHEMBL5207536,4.92190585,11970,0
COc1cc(F)c(-c2cc(Cn3cnc4c(N)ncnc43)c(N3CCC[C@](N)([C@@H](O)C(F)F)C3)cn2)cc1F,CHEMBL5433029,8.259637311,5.5,1
COc1cc(F)c(-c2cc(Cn3cnc4c(N)ncnc43)c(N3CCC[C@](N)([C@H](O)C(F)F)C3)cn2)cc1F,CHEMBL5619100,7.629818655,52.75,1
COc1cc(F)c(-c2cc(Cn3cnc4c(N)ncnc43)c(N3CCC[C@](N)([C@H](O)CF)C3)cn2)cc1F,CHEMBL5591791,7,100,1
COc1cc(F)c(-c2cc(Cn3cnc4c(N)ncnc43)c(N3CCC[C@](N)(c4cccc(Cl)n4)C3)cn2)c(F)c1,CHEMBL6010827,6.279840697,525,1
COc1cc(F)c(-c2cc(Cn3cnc4c(N)ncnc43)c(N3CCC[C@](N)(c4cccc(Cl)n4)C3)cn2)cc1F,CHEMBL5925767,6.279840697,525,1
COc1cc(F)c(-c2ncc(N3CCC[C@](N)([C@H](O)C(F)F)C3)c(Cn3cnc4c(N)ncnc43)c2F)cc1F,CHEMBL5899605,6.279840697,525,1
COc1cc(F)ccc1-c1cc(Cn2cnc3c(N)ncnc32)c(N2CCC[C@](N)([C@@H](O)C(F)F)C2)cn1,CHEMBL5899700,6.279840697,525,1
COc1cc(F)ccc1-c1cc(Cn2cnc3c(N)ncnc32)c(N2CCC[C@](N)([C@H](O)C(F)F)C2)cn1,CHEMBL5879856,6.279840697,525,1
COc1cc(F)nc([C@@]2(N)CCCN(c3cnc(-c4ccc(F)c(F)c4)cc3Cn3cnc4c(N)ncnc43)C2)c1,CHEMBL5929645,8.259637311,5.5,1
COc1cc2c(NC3CCN(C(=O)OC(C)(C)C)CC3)cc(C#N)nc2cc1OCCCN1CCCC1,CHEMBL5592412,5.783834098,1645,0
COc1cc2c(NC3CCN(C(C)=O)CC3)cc(C#N)nc2cc1OCCCN1CCCC1,CHEMBL5592452,5.851705903,1407,0
COc1cc2c(NC3CCN(C(C)C)CC3)cc(C#N)nc2cc1OCCCN1CCCC1,CHEMBL5590338,7.853871964,14,1
COc1cc2c(NC3CCN(C(C)C)CC3)nc(C#N)nc2cc1O,CHEMBL5619576,7.22184875,60,1
COc1cc2c(NC3CCN(C(C)C)CC3)nc(C#N)nc2cc1OCCCN(C)C,CHEMBL5592774,7.886056648,13,1
COc1cc2c(NC3CCN(C(C)C)CC3)nc(C#N)nc2cc1OCCCN1CCC(F)(F)C1,CHEMBL5618451,7.420216403,38,1
COc1cc2c(NC3CCN(C(C)C)CC3)nc(C#N)nc2cc1OCCCN1CCC(F)(F)CC1,CHEMBL5618412,7.494850022,32,1
COc1cc2c(NC3CCN(C(C)C)CC3)nc(C#N)nc2cc1OCCCN1CCCC1,CHEMBL5591131,7.769551079,17,1
COc1cc2c(NC3CCN(C(C)C)CC3)nc(C#N)nc2cc1OCCCN1CCCCC1,CHEMBL5592280,7.920818754,12,1
COc1cc2c(NC3CCN(C(C)C)CC3)nc(C#N)nc2cc1OCCCN1CCOCC1,CHEMBL5593832,7.769551079,17,1
COc1cc2c(NC3CCN(C(C)C)CC3)nc(C#N)nc2cc1OCCN1CCOCC1,CHEMBL5619719,7.356547324,44,1
COc1cc2c(NC3CCN(C(C)C)CC3)nc(C#N)nc2cc1OCc1ccccc1,CHEMBL5619699,7.30980392,49,1
COc1cc2c(NC3CCN(C)CC3)cc(C#N)nc2cc1OCCCN1CCCC1,CHEMBL5592600,6.576754126,265,1
COc1cc2c(NC3CCN(C)CC3)nc(C#N)nc2cc1OCCCN1CCCC1,CHEMBL5595912,6.522878745,300,1
COc1cc2c(NC3CCN(C4CC4)CC3)cc(C#N)nc2cc1OCCCN1CCCC1,CHEMBL5583700,7.552841969,28,1
COc1cc2c(NC3CCN(C4CC4)CC3)nc(C#N)nc2cc1OCCCN1CCCC1,CHEMBL5591835,7.568636236,27,1
COc1cc2c(NC3CCN(C4CCCCC4)CC3)cc(C#N)nc2cc1OCCCN1CCCC1,CHEMBL5592107,5.739928612,1820,0
COc1cc2c(NC3CCN(C4CCCCC4)CC3)nc(C#N)nc2cc1OCCCN1CCCC1,CHEMBL5593275,6.007446482,983,1
COc1cc2c(NC3CCN(Cc4ccccc4)CC3)cc(C#N)nc2cc1OCCCN1CCCC1,CHEMBL5590208,5.889747083,1289,0
COc1cc2c(NC3CCN(Cc4ccccc4)CC3)nc(C#N)nc2cc1OCCCN1CCCC1,CHEMBL5595949,5.95546024,1108,0
COc1cc2c(NC3CCNCC3)cc(C#N)nc2cc1OCCCN1CCCC1,CHEMBL5592239,5.963371105,1088,0
COc1cc2c(NCC3CCN(C)CC3)cc(C#N)nc2cc1OCCCN1CCCC1,CHEMBL5591832,6.442492798,361,1
COc1cc2c(NCC3CCN(C)CC3)nc(C#N)nc2cc1OCCCN1CCCC1,CHEMBL5594410,6.385102784,412,1
COc1cc2nc(-c3ccccc3)nc(NC3CCN(Cc4ccccc4)CC3)c2cc1OC,CHEMBL5618340,5.301029996,5000,0
COc1cc2nc(C#N)nc(N(C)C3CCN(C)CC3)c2cc1OC,CHEMBL5619142,5.424581209,3762,0
COc1cc2nc(C#N)nc(N3CCN(C)CC3)c2cc1OC,CHEMBL5618106,5.366935727,4296,0
COc1cc2nc(C#N)nc(NC3CCCC3)c2cc1OC,CHEMBL5618724,5.301029996,5000,0
COc1cc2nc(C#N)nc(NC3CCCCC3)c2cc1OC,CHEMBL5619962,5.340559218,4565,0
COc1cc2nc(C#N)nc(NC3CCN(C(=O)OC(C)(C)C)CC3)c2cc1OC,CHEMBL5618872,5.478077755,3326,0
COc1cc2nc(C#N)nc(NC3CCN(C(C)=O)CC3)c2cc1OC,CHEMBL5618955,5.55642412,2777,0
COc1cc2nc(C#N)nc(NC3CCN(C(C)C)CC3)c2cc1OC,CHEMBL5589842,7.657577319,22,1
COc1cc2nc(C#N)nc(NC3CCN(C)CC3)c2cc1OC,CHEMBL5618171,6.690369833,204,1
COc1cc2nc(C#N)nc(NC3CCN(C4CC4)CC3)c2cc1OC,CHEMBL5619815,7.346787486,45,1
COc1cc2nc(C#N)nc(NC3CCN(C4CCCCC4)CC3)c2cc1OC,CHEMBL5619544,5.921180817,1199,0
COc1cc2nc(C#N)nc(NC3CCN(Cc4ccccc4)CC3)c2cc1OC,CHEMBL5589782,5.577246059,2647,0
COc1cc2nc(C#N)nc(NC3CCNCC3)c2cc1OC,CHEMBL5619559,5.850472986,1411,0
COc1cc2nc(C#N)nc(NC3CCOCC3)c2cc1OC,CHEMBL5618534,5.309892561,4899,0
COc1cc2nc(C#N)nc(NCC3CCN(C)CC3)c2cc1OC,CHEMBL5618415,5.614215041,2431,0
COc1cc2nc(C#N)nc(Nc3ccc(N4CCN(C)CC4)cc3)c2cc1OC,CHEMBL5619072,5.501276029,3153,0
COc1cc2nc(C#N)nc(OC3CCN(C)CC3)c2cc1OC,CHEMBL5618667,5.598427154,2521,0
COc1cc2nc(CN)nc(NC3CCN(Cc4ccccc4)CC3)c2cc1OC,CHEMBL5618533,5.851397345,1408,0
COc1cc2nc(N(C)C)nc(NC3CCN(Cc4ccccc4)CC3)c2cc1OC,CHEMBL5619512,5.819874125,1514,0
COc1cc2nc(N)nc(NC3CCN(Cc4ccccc4)CC3)c2cc1OC,CHEMBL5619523,5.809668302,1550,0
COc1cc2nc(N3CCCCC3)nc(NC3CCN(Cc4ccccc4)CC3)c2cc1OC,CHEMBL1902352,5.301029996,5000,0
COc1cc2nc(N3CCCN(C)CC3)nc(NC3CCN(Cc4ccccc4)CC3)c2cc1OC,CHEMBL569864,4.387216143,41000,0
COc1cc2nc(N3CCN(C)CC3)nc(NC3CCN(Cc4ccccc4)CC3)c2cc1OC,CHEMBL1895209,4.387216143,41000,0
COc1cc2nc(N3CCOCC3)nc(NC3CCN(Cc4ccccc4)CC3)c2cc1OC,CHEMBL1873552,5.301029996,5000,0
COc1cc2ncnc(NC3CCN(Cc4ccccc4)CC3)c2cc1OC,CHEMBL596639,5.838931615,1449,0
COc1ccc(-c2cc(Cn3cnc4c(N)ncc(Cl)c43)c(N3CCC[C@@H](N)C3)cn2)cc1F,CHEMBL5917276,6.279840697,525,1
COc1ccc(-c2cc(Cn3cnc4c(N)nccc43)c(N3CCC[C@@H](N)C3)cn2)cc1F,CHEMBL5780992,6.279840697,525,1
COc1ccc(-c2cc(Cn3cnc4c(N)ncnc43)c(N3CCC(OC)C(N)C3)cn2)cc1F,CHEMBL5792196,6.279840697,525,1
COc1ccc(-c2cc(Cn3cnc4c(N)ncnc43)c(N3CCC[C@@H](N)C3)cn2)c(F)c1,CHEMBL5843575,6.279840697,525,1
COc1ccc(-c2cc(Cn3cnc4c(N)ncnc43)c(N3CCC[C@@H](N)C3)cn2)cc1,CHEMBL5962978,6.279840697,525,1
COc1ccc(-c2cc(Cn3cnc4c(N)ncnc43)c(N3CCC[C@@H](N)C3)cn2)cc1F,CHEMBL6020918,6.279840697,525,1
COc1ccc(-c2cc(Cn3cnc4c(N)ncnc43)c(N3CCC[C@@](C)(N)C3)cn2)cc1F,CHEMBL5874976,6.279840697,525,1
COc1ccc(-c2cc(Cn3cnc4c(N)ncnc43)c(N3CCC[C@](N)(C(=O)N(C)C)C3)cn2)cc1F,CHEMBL6018611,8.259637311,5.5,1
COc1ccc(-c2cc(Cn3cnc4c(N)ncnc43)c(N3CCC[C@](N)(C(=O)NC(C)(C)C)C3)cn2)cc1F,CHEMBL5772750,6.279840697,525,1
COc1ccc(-c2cc(Cn3cnc4c(N)ncnc43)c(N3CCC[C@](N)(C(=O)OC(C)C)C3)cn2)cc1F,CHEMBL5957146,8.259637311,5.5,1
COc1ccc(-c2cc(Cn3cnc4c(N)ncnc43)c(N3CCC[C@](N)(C(F)F)C3)cn2)cc1F,CHEMBL5772056,6.279840697,525,1
COc1ccc(-c2cc(Cn3cnc4c(N)ncnc43)c(N3CCC[C@](N)(CC(F)(F)F)C3)cn2)cc1F,CHEMBL5818357,6.279840697,525,1
COc1ccc(-c2cc(Cn3cnc4c(N)ncnc43)c(N3CCC[C@](N)(CC(F)F)C3)cn2)cc1F,CHEMBL5883120,6.279840697,525,1
COc1ccc(-c2cc(Cn3cnc4c(N)ncnc43)c(N3CCC[C@](N)(COC(C)C)C3)cn2)cc1F,CHEMBL6060827,8.259637311,5.5,1
COc1ccc(-c2cc(Cn3cnc4c(N)ncnc43)c(N3CCC[C@](N)(COC(F)F)C3)cn2)cc1F,CHEMBL5951971,6.279840697,525,1
COc1ccc(-c2cc(Cn3cnc4c(N)ncnc43)c(N3CCC[C@](N)(COC4CC4)C3)cn2)cc1F,CHEMBL5786123,8.259637311,5.5,1
COc1ccc(-c2cc(Cn3cnc4c(N)ncnc43)c(N3CCC[C@](N)(COC4CCC4)C3)cn2)cc1F,CHEMBL5432302,8.259637311,5.5,1
COc1ccc(-c2cc(Cn3cnc4c(N)ncnc43)c(N3CCC[C@](N)(COCC(F)(F)F)C3)cn2)cc1F,CHEMBL5962134,6.279840697,525,1
COc1ccc(-c2cc(Cn3cnc4c(N)ncnc43)c(N3CCC[C@](N)(Cc4ccccn4)C3)cn2)cc1F,CHEMBL5810084,8.259637311,5.5,1
COc1ccc(-c2cc(Cn3cnc4c(N)ncnc43)c(N3CCC[C@](N)(Cc4nccs4)C3)cn2)cc1F,CHEMBL5982206,8.259637311,5.5,1
COc1ccc(-c2cc(Cn3cnc4c(N)ncnc43)c(N3CCC[C@](N)([C@@H](C)O)C3)cn2)cc1F,CHEMBL5746181,8.259637311,5.5,1
COc1ccc(-c2cc(Cn3cnc4c(N)ncnc43)c(N3CCC[C@](N)([C@@H](C)OC)C3)cn2)cc1F,CHEMBL5830935,6.279840697,525,1
COc1ccc(-c2cc(Cn3cnc4c(N)ncnc43)c(N3CCC[C@](N)([C@@H](O)C(F)F)C3)cn2)c(C(F)(F)F)c1,CHEMBL5986522,8.259637311,5.5,1
COc1ccc(-c2cc(Cn3cnc4c(N)ncnc43)c(N3CCC[C@](N)([C@@H](O)C(F)F)C3)cn2)c(C(F)F)c1,CHEMBL5949381,8.259637311,5.5,1
COc1ccc(-c2cc(Cn3cnc4c(N)ncnc43)c(N3CCC[C@](N)([C@@H](O)C(F)F)C3)cn2)c(Cl)c1,CHEMBL5857060,6.279840697,525,1
COc1ccc(-c2cc(Cn3cnc4c(N)ncnc43)c(N3CCC[C@](N)([C@@H](O)C(F)F)C3)cn2)cc1Cl,CHEMBL6053828,8.259637311,5.5,1
COc1ccc(-c2cc(Cn3cnc4c(N)ncnc43)c(N3CCC[C@](N)([C@@H](O)C(F)F)C3)cn2)cc1F,CHEMBL6060442,8.259637311,5.5,1
COc1ccc(-c2cc(Cn3cnc4c(N)ncnc43)c(N3CCC[C@](N)([C@H](C)O)C3)cn2)cc1F,CHEMBL5762902,8.259637311,5.5,1
COc1ccc(-c2cc(Cn3cnc4c(N)ncnc43)c(N3CCC[C@](N)([C@H](C)OC)C3)cn2)cc1F,CHEMBL5834845,6.279840697,525,1
COc1ccc(-c2cc(Cn3cnc4c(N)ncnc43)c(N3CCC[C@](N)([C@H](O)C(F)F)C3)cn2)c(C(F)(F)F)c1,CHEMBL5804942,6.279840697,525,1
COc1ccc(-c2cc(Cn3cnc4c(N)ncnc43)c(N3CCC[C@](N)([C@H](O)C(F)F)C3)cn2)c(C(F)F)c1,CHEMBL6013876,8.259637311,5.5,1
COc1ccc(-c2cc(Cn3cnc4c(N)ncnc43)c(N3CCC[C@](N)([C@H](O)C(F)F)C3)cn2)c(Cl)c1,CHEMBL5881645,6.279840697,525,1
COc1ccc(-c2cc(Cn3cnc4c(N)ncnc43)c(N3CCC[C@](N)([C@H](O)C(F)F)C3)cn2)cc1Cl,CHEMBL5771947,8.259637311,5.5,1
COc1ccc(-c2cc(Cn3cnc4c(N)ncnc43)c(N3CCC[C@](N)([C@H](O)C(F)F)C3)cn2)cc1F,CHEMBL5957916,8.259637311,5.5,1
COc1ccc(-c2cc(Cn3cnc4c(N)ncnc43)c(N3CCC[C@](N)(c4ccc(F)c(C)n4)C3)cn2)cc1,CHEMBL5914176,6.279840697,525,1
COc1ccc(-c2cc(Cn3cnc4c(N)ncnc43)c(N3CCC[C@](N)(c4ccc(F)c(C)n4)C3)cn2)cc1F,CHEMBL5857364,6.279840697,525,1
COc1ccc(-c2cc(Cn3cnc4c(N)ncnc43)c(N3CCC[C@](N)(c4ccc(F)c(Cl)n4)C3)cn2)cc1,CHEMBL5844274,6.279840697,525,1
COc1ccc(-c2cc(Cn3cnc4c(N)ncnc43)c(N3CCC[C@](N)(c4ccc(F)c(Cl)n4)C3)cn2)cc1F,CHEMBL5916551,8.259637311,5.5,1
COc1ccc(-c2cc(Cn3cnc4c(N)ncnc43)c(N3CCC[C@](N)(c4cccc(Cl)n4)C3)cn2)c(F)c1,CHEMBL5778206,6.279840697,525,1
COc1ccc(-c2cc(Cn3cnc4c(N)ncnc43)c(N3CCC[C@](N)(c4cccc(Cl)n4)C3)cn2)c(F)c1F,CHEMBL6031136,6.279840697,525,1
COc1ccc(-c2cc(Cn3cnc4c(N)ncnc43)c(N3CCC[C@](N)(c4cccc(Cl)n4)C3)cn2)cc1,CHEMBL5877258,8.259637311,5.5,1
COc1ccc(-c2cc(Cn3cnc4c(N)ncnc43)c(N3CCC[C@](N)(c4cccc(Cl)n4)C3)cn2)cc1F,CHEMBL5820647,8.259637311,5.5,1
COc1ccc(-c2cc(Cn3cnc4c(N)ncnc43)c(N3CCC[C@](N)(c4cccc(Cl)n4)C3)cn2)nc1Cl,CHEMBL5977612,6.279840697,525,1
COc1ccc(-c2cc(Cn3cnc4c(N)ncnc43)c(N3CCC[C@](N)(c4cccc(Cl)n4)C3)cn2)nc1F,CHEMBL5884140,8.259637311,5.5,1
COc1ccc(-c2cc(Cn3cnc4c(N)ncnc43)c(N3CC[C@@H](F)[C@@H](N)C3)cn2)c(F)c1,CHEMBL5789768,6.279840697,525,1
COc1ccc(-c2cc(Cn3cnc4c(N)ncnc43)c(N3CC[C@@H](F)[C@@H](N)C3)cn2)cc1F,CHEMBL6064812,6.279840697,525,1
COc1ccc(-c2cc(Cn3cnc4c(N)ncnc43)c(N3C[C@H](N)CC(F)(F)C3)cn2)cc1F,CHEMBL5909445,6.279840697,525,1
COc1ccc(-c2cc(Cn3cnc4c(N)ncnc43)c(N3C[C@H](N)C[C@@H](CF)C3)cn2)cc1F,CHEMBL5929106,6.279840697,525,1
COc1ccc(-c2ncc(N3CCC[C@](N)([C@H](O)C(F)F)C3)c(Cn3cnc4c(N)ncnc43)c2F)c(F)c1,CHEMBL5814581,6.279840697,525,1
COc1ccc(C(N)=O)cc1-c1ncn(C)c1-c1ccc2c(c1)OCC(=O)N2,CHEMBL5518061,5,10000,0
COc1ccc(C2C=C(Cn3cnc4c(N)ncnc43)C(N3CCCC(N)(C(C)F)C3)=CN2)cc1F,CHEMBL6021951,6.279840697,525,1
COc1ccc(CNS(=O)(=O)c2cccc3c(N)cccc23)cc1,CHEMBL4865731,4.869666232,13500,0
COc1ccc(Cl)nc1[C@@]1(N)CCCN(c2cnc(-c3ccc(F)c(F)c3)cc2Cn2cnc3c(N)ncnc32)C1,CHEMBL6014505,6.279840697,525,1
COc1ccc2c(NC3CCN(C(C)C)CC3)nc(C#N)nc2c1,CHEMBL5618212,6.567030709,271,1
COc1ccc2nc(C#N)nc(NC3CCN(C(C)C)CC3)c2c1,CHEMBL5620022,7.070581074,85,1
COc1cccc(-n2nc(C(=O)O)cc2-c2ccc(C3CCCCC3)c(Cl)c2)c1,CHEMBL2058156,5.070581074,8500,0
COc1cccc([C@@]2(N)CCCN(c3cnc(-c4ccc(F)c(F)c4)cc3Cn3cnc4c(N)ncnc43)C2)n1,CHEMBL5900667,8.259637311,5.5,1
COc1cnc(-c2cc(Cn3cnc4c(N)ncnc43)c(N3CCC[C@](N)(c4cccc(Cl)n4)C3)cn2)cc1F,CHEMBL6047354,8.259637311,5.5,1
COc1ncc(-c2cc(Cn3cnc4c(N)ncnc43)c(N3CCC[C@](N)(c4cccc(Cl)n4)C3)cn2)cc1F,CHEMBL5980333,6.279840697,525,1
CS(=O)(=O)N1CCC(Nc2cccc3c(S(=O)(=O)NCc4ccccc4)cccc23)CC1,CHEMBL4852534,4.928117993,11800,0
CSCC1(N)CCCN(c2cnc(-c3ccc(F)c(F)c3)cc2Cn2cnc3c(N)ncnc32)C1,CHEMBL5816937,6.279840697,525,1
C[C@@H](F)c1cccc([C@@]2(N)CCCN(c3cnc(-c4ccc(F)cc4)cc3Cn3cnc4c(N)ncnc43)C2)n1,CHEMBL5851877,6.279840697,525,1
C[C@@H](c1ccccn1)[C@@]1(N)CCCN(c2cnc(-c3ccc(F)c(F)c3)cc2Cn2cnc3c(N)ncnc32)C1,CHEMBL5878441,6.279840697,525,1
C[C@@H]1CN(c2cnc(-c3ccc(F)cc3)cc2Cn2cnc3c(N)ncnc32)C[C@@](N)(CC(F)F)C1,CHEMBL5805841,6,1000,1
C[C@@](O)(C(=O)N1CCC(O)(CCNC2=C(Cl)C(=O)c3cccnc3C2=O)CC1)C(F)(F)F,CHEMBL5418169,6.619788758,240,1
C[C@@](O)(C(=O)N1CCC(O)(CCNC2=C(Cl)C(=O)c3ncccc3C2=O)CC1)C(F)(F)F,CHEMBL5407373,6.004364805,990,1
C[C@@](O)(C(=O)NC12CC(NC3=C(Cl)C(=O)c4cccnc4C3=O)(C1)C2)C(F)(F)F,CHEMBL5440868,6.37675071,420,1
C[C@@](O)(C(=O)NC12CC(NC3=CC(=O)c4ncccc4C3=O)(C1)C2)C(F)(F)F,CHEMBL5407427,5.88941029,1290,0
C[C@H](F)c1cccc([C@@]2(N)CCCN(c3cnc(-c4ccc(F)cc4)cc3Cn3cnc4c(N)ncnc43)C2)n1,CHEMBL6018670,6.279840697,525,1
C[C@H](Oc1ccc(-c2cc3c(C4=CCNCC4)ncnc3[nH]2)cc1)c1ccccc1,CHEMBL5173004,4.698970004,20000,0
C[C@H]1CC[C@@H](N)CN1c1cnc(-c2ccc(F)c(F)c2)cc1Cn1cnc2c(N)ncnc21,CHEMBL5893640,6,1000,1
C[C@H]1COC[C@@H]([C@@]2(N)CCCN(c3cnc(-c4ccc(F)c(F)c4)cc3Cn3cnc4c(N)ncnc43)C2)O1,CHEMBL5818119,6.279840697,525,1
Cc1cc(C#N)cc(C)c1-c1ncn(C)c1-c1ccc(C#N)c2ccccc12,CHEMBL5176377,4.698970004,20000,0
Cc1cc(C(F)F)c(F)cc1-c1cc(Cn2cnc3c(N)ncnc32)c(N2CCC[C@](N)([C@@H](O)C(F)F)C2)cn1,CHEMBL6056906,8.259637311,5.5,1
Cc1cc(C(F)F)ccc1-c1cc(Cn2cnc3c(N)ncnc32)c(N2CCC[C@](N)([C@@H](O)C(F)F)C2)cn1,CHEMBL5780199,8.259637311,5.5,1
Cc1cc(C(F)F)ccc1-c1cc(Cn2cnc3c(N)ncnc32)c(N2CCC[C@](N)([C@H](O)C(F)F)C2)cn1,CHEMBL5950982,6.279840697,525,1
Cc1cc(C(N)=O)ccc1-c1ncn(C)c1-c1ccc(C#N)cc1,CHEMBL5563959,4.900000142,12589.25,0
Cc1cc(C(N)=O)ccc1-c1ncn(C)c1-c1ccc2c(c1)OCC(=O)N2,CHEMBL5562861,6.299997603,501.19,1
Cc1cc(C=O)cc(C)c1-c1ncn(C)c1-c1ccc(C#N)c2ccccc12,CHEMBL5173044,4.677780705,21000,0
Cc1cc(CN)cc(C)c1-c1ncn(C)c1-c1ccc(C#N)c(C(F)(F)F)c1,CHEMBL5189494,4.812197361,15410,0
Cc1cc(CN)cc(C)c1-c1ncn(C)c1-c1ccc(C#N)c(Cl)c1,CHEMBL5173281,5.298432015,5030,0
Cc1cc(CN)cc(C)c1-c1ncn(C)c1-c1ccc(C#N)c(F)c1,CHEMBL5195412,5.536107011,2910,0
Cc1cc(CN)cc(C)c1-c1ncn(C)c1-c1ccc(C#N)c(N)c1,CHEMBL5172159,5.056505484,8780,0
Cc1cc(CN)cc(C)c1-c1ncn(C)c1-c1ccc(C#N)c2ccccc12,CHEMBL5172030,6.283996656,520,1
Cc1cc(CN)cc(C)c1-c1ncn(C)c1-c1ccc(C#N)c2ncccc12,CHEMBL5179727,5.801342913,1580,0
Cc1cc(CN)cc(C)c1-c1ncn(C)c1-c1ccc(C#N)cc1,CHEMBL5197903,6.244125144,570,1
Cc1cc(CN)cc(C)c1-c1ncn(C)c1-c1ccc2c(c1)OCC(=O)N2,CHEMBL5562153,7.299988938,50.12,1
Cc1cc(CN)cc(C)c1-c1ncn(C)c1-c1ccnc2cc(F)ccc12,CHEMBL4778517,4.600000075,25118.86,0
Cc1cc(CN)ccc1-c1ncn(C)c1-c1ccc(C#N)cc1,CHEMBL5208296,5.329754147,4680,0
Cc1cc(CN2CCC(N(C)C)C2)cc(C)c1-c1ncn(C)c1-c1ccc(C#N)c2ccccc12,CHEMBL5196682,5.698970004,2000,0
Cc1cc(CN2CCC(N)CC2)cc(C)c1-c1ncn(C)c1-c1ccc(C#N)c2ccccc12,CHEMBL5186268,6.958607315,110,1
Cc1cc(CN2CCC(NC(=O)OC(C)(C)C)CC2)cc(C)c1-c1ncn(C)c1-c1ccc(C#N)c2ccccc12,CHEMBL5170530,5.09420412,8050,0
Cc1cc(CN2CCC(O)C2)cc(C)c1-c1ncn(C)c1-c1ccc(C#N)c2ccccc12,CHEMBL5181192,6.283996656,520,1
Cc1cc(CN2CCCC2)cc(C)c1-c1ncn(C)c1-c1ccc(C#N)c2ccccc12,CHEMBL5171113,5.684029655,2070,0
Cc1cc(CN2CCCCC2)cc(C)c1-c1ncn(C)c1-c1ccc(C#N)c2ccccc12,CHEMBL5173072,5.826813732,1490,0
Cc1cc(CN2CCCCC2)cc(C)c1-c1ncn(C)c1-c1ccc2c(c1)OCC(=O)N2,CHEMBL6067693,6.799998135,158.49,1
Cc1cc(CN2CCCCC2)ccc1-c1ncn(C)c1-c1ccc2c(c1)OCC(=O)N2,CHEMBL5542909,6.900008766,125.89,1
Cc1cc(CN2CCN(C(=O)OC(C)(C)C)CC2)cc(C)c1-c1ncn(C)c1-c1ccc(C#N)c2ccccc12,CHEMBL5188840,5.093126465,8070,0
Cc1cc(CN2CCNCC2)cc(C)c1-c1ncn(C)c1-c1ccc(C#N)c2ccccc12,CHEMBL5202390,5.723538196,1890,0
Cc1cc(CN2CCOCC2)cc(C)c1-c1ncn(C)c1-c1ccc(C#N)c2ccccc12,CHEMBL5174009,5.415668776,3840,0
Cc1cc(CN2CCOCC2)cc(C)c1-c1ncn(C)c1-c1ccc2c(c1)OCC(=O)N2,CHEMBL5557539,6.799998135,158.49,1
Cc1cc(CNC(=O)OC(C)(C)C)cc(C)c1-c1ncn(C)c1-c1ccc(C#N)c2ccccc12,CHEMBL5184147,5.777283529,1670,0
Cc1cc(CNC(C)(C)C)cc(C)c1-c1ncn(C)c1-c1ccc(C#N)c2ccccc12,CHEMBL5170326,6.193820026,640,1
Cc1cc(CNC2CC2)cc(C)c1-c1ncn(C)c1-c1ccc(C#N)c2ccccc12,CHEMBL5204960,6.366531544,430,1
Cc1cc(CNCCN)cc(C)c1-c1ncn(C)c1-c1ccc(C#N)c2ccccc12,CHEMBL5170310,6.207608311,620,1
Cc1cc(CNC[C@@H]2CCNC(=O)C2)ccc1-c1ncn(C)c1-c1ccc2c(c1)OCC(=O)N2,CHEMBL5560960,7.199970641,63.1,1
Cc1cc(CNC[C@@H]2CNC(=O)C2)ccc1-c1ncn(C)c1-c1ccc2c(c1)OCC(=O)N2,CHEMBL5562333,7.299988938,50.12,1
Cc1cc(CNC[C@H]2CCC(=O)N2)ccc1-c1ncn(C)c1-c1ccc2c(c1)OCC(=O)N2,CHEMBL5542933,7.500038134,31.62,1
Cc1cc(CNC[C@H]2CCCC(=O)N2)ccc1-c1ncn(C)c1-c1ccc2c(c1)OCC(=O)N2,CHEMBL5527939,7.500038134,31.62,1
Cc1cc(CNCc2ncnn2C)ccc1-c1ncn(C)c1-c1ccc2c(c1)OCC(=O)N2,CHEMBL5532580,6.399996913,398.11,1
Cc1cc(CNCc2nncn2C)ccc1-c1ncn(C)c1-c1ccc2c(c1)OCC(=O)N2,CHEMBL5532583,6.599997654,251.19,1
Cc1cc(CNc2ccccc2)cc(C)c1-c1ncn(C)c1-c1ccc2c(c1)OCC(=O)N2,CHEMBL5565515,6.399996913,398.11,1
Cc1cc(CO)cc(C)c1-c1ncn(C)c1-c1ccc(C#N)c2ccccc12,CHEMBL5207125,4.859806321,13810,0
Cc1cc(F)c(F)cc1-c1cc(Cn2cnc3c(N)ncnc32)c(N2CCC[C@](N)([C@@H](O)C(F)F)C2)cn1,CHEMBL5956697,8.259637311,5.5,1
Cc1cc(N)cc(C)c1-c1ncn(C)c1-c1ccc(C#N)c2ccccc12,CHEMBL5192019,4.976336082,10560,0
Cc1cc(NC(=O)OC(C)(C)C)cc(C)c1-c1ncn(C)c1-c1ccc(C#N)c2ccccc12,CHEMBL5181659,4.602059991,25000,0
Cc1cc([C@@]2(N)CCCN(c3cnc(-c4ccc(F)c(F)c4)cc3Cn3cnc4c(N)ncnc43)C2)ccn1,CHEMBL6051579,6.279840697,525,1
Cc1cc([C@@]2(N)CCCN(c3cnc(-c4ccc(F)c(F)c4)cc3Cn3cnc4c(N)ncnc43)C2)no1,CHEMBL6061314,8.259637311,5.5,1
Cc1cc2c(cnn2C)cc1-c1cc(Cn2cnc3c(N)ncnc32)c(N2CCC[C@](N)([C@@H](O)C(F)F)C2)cn1,CHEMBL6024748,6.279840697,525,1
Cc1ccc(-c2cc(Cn3cnc4c(N)ncnc43)c(N3CCCC(N)(c4cccc(Cl)n4)C3)cn2)cn1,CHEMBL5836082,6.279840697,525,1
Cc1ccc(-c2cc(Cn3cnc4c(N)ncnc43)c(N3CCC[C@](N)([C@@H](O)C(F)F)C3)cn2)c(C)c1,CHEMBL5877276,8.259637311,5.5,1
Cc1ccc(C(=O)Nc2ccc(S(=O)(=O)O)c3cc(S(=O)(=O)O)cc(S(=O)(=O)O)c23)cc1NC(=O)c1cccc(NC(=O)Nc2cccc(C(=O)Nc3cc(C(=O)Nc4ccc(S(=O)(=O)O)c5cc(S(=O)(=O)O)cc(S(=O)(=O)O)c45)ccc3C)c2)c1,CHEMBL265502,4.677780705,21000,0
Cc1ccc(C(=O)Nc2ccccc2)cc1-c1ncn(C)c1-c1ccc2c(c1)OCC(=O)N2,CHEMBL5562663,6.699991797,199.53,1
Cc1ccc(C(N)=O)cc1-c1ncn(C)c1-c1ccc2c(c1)OCC(=O)N2,CHEMBL5555145,6.299997603,501.19,1
Cc1ccc(CN)cc1-c1ncn(C)c1-c1ccc2c(c1)OCC(=O)N2,CHEMBL5517868,7.100015437,79.43,1
Cc1ccc(CN2CCCCC2)cc1-c1cnn(C)c1-c1ccc2c(c1)OCC(=O)N2,CHEMBL5556168,6.699991797,199.53,1
Cc1ccc(CN2CCCCC2)cc1-c1ncn(C)c1-c1ccc2c(c1)OCC(=O)N2,CHEMBL5562340,7.7000571,19.95,1
Cc1ccc(CN2CCCCC2)cc1-c1noc(C)c1-c1ccc2c(c1)OCC(=O)N2,CHEMBL5559507,8.199970641,6.31,1
Cc1ccc(CN2CCCCC2)cc1-c1nsc(C)c1-c1ccc2c(c1)OCC(=O)N2,CHEMBL5566275,7.599980365,25.12,1
Cc1ccc(CN2CCCCC2)cc1-c1onc(C)c1-c1ccc2c(c1)OCC(=O)N2,CHEMBL5542423,7.400007822,39.81,1
Cc1ccc(CNC[C@@H]2CCO2)cc1-c1ncn(C)c1-c1ccc2c(c1)OCC(=O)N2,CHEMBL5517660,7.299988938,50.12,1
Cc1ccc(CNC[C@H]2CCO2)cc1-c1ncn(C)c1-c1ccc2c(c1)OCC(=O)N2,CHEMBL5556330,7,100,1
Cc1ccc(CNc2cccnc2)cc1-c1ncn(C)c1-c1ccc2c(c1)OCC(=O)N2,CHEMBL5559177,7.199970641,63.1,1
Cc1ccc(CO)cc1-c1ncn(C)c1-c1ccc2c(c1)OCC(=O)N2,CHEMBL6067694,6.199998172,630.96,1
Cc1ccc(F)c2cc(C(=O)N[C@@H]3CCC[C@H](N4CC[C@H](N(C)S(C)(=O)=O)C4)C3)[nH]c12,CHEMBL5091591,8.096910013,8,1
Cc1ccc(F)c2cc(C(=O)Nc3cccc(N4CCC(N(C)C)CC4)c3)[nH]c12,CHEMBL5076615,8,10,1
Cc1cccc(C2(N)CCCN(c3cnc(C4CC4)cc3Cn3cnc4c(N)nccc43)C2)n1,CHEMBL5848456,6.279840697,525,1
Cc1cccc(C[C@@]2(N)CCCN(c3cnc(-c4ccc(F)c(F)c4)cc3Cn3cnc4c(N)ncnc43)C2)n1,CHEMBL5861904,8.259637311,5.5,1
Cc1cccc([C@@]2(N)CCCN(c3cnc(-c4ccc(F)c(F)c4)cc3Cn3cnc4c(N)ncnc43)C2)[n+]1[O-],CHEMBL6036115,6.279840697,525,1
Cc1cccc([C@@]2(N)CCCN(c3cnc(-c4ccc(F)cc4)cc3Cn3cnc4c(N)nccc43)C2)n1,CHEMBL5986779,8.259637311,5.5,1
Cc1cccc2cc(C(=O)NC3CCC(N)CC3)[nH]c12,CHEMBL5592690,3.779891912,166000,0
Cc1cccc2cc(C(=O)NC3CCC(NC(=O)CCN)CC3)[nH]c12,CHEMBL5591077,4.655607726,22100,0
Cc1cccc2cc(C(=O)Nc3ccccc3)[nH]c12,CHEMBL5592110,5.372634143,4240,0
Cc1ccccc1-c1ncn(C)c1-c1ccc2c(c1)OCC(=O)N2,CHEMBL5560105,6.199998172,630.96,1
Cc1cccnc1C(NC(=O)c1cc2c(F)ccc(C)c2[nH]1)C1CC1,CHEMBL5085128,6.22184875,600,1
Cc1cccnc1C(NC(=O)c1cc2cccc(C)c2[nH]1)C1CC1,CHEMBL5085724,5.511449283,3080,0
Cc1cncc([C@@]2(N)CCCN(c3cnc(-c4ccc(F)c(F)c4)cc3Cn3cnc4c(N)ncnc43)C2)n1,CHEMBL5944604,6.279840697,525,1
Cc1nc([C@@]2(N)CCCN(c3cnc(-c4ccc(F)cc4)cc3Cn3cnc4c(N)ncnc43)C2)ccc1F,CHEMBL5923401,8.259637311,5.5,1
Cc1nnc(CNCc2ccc(-c3ncn(C)c3-c3ccc4c(c3)OCC(=O)N4)c(C)c2)o1,CHEMBL5532365,6.199998172,630.96,1
Cn1c(N)c(C#N)c2cc(OCc3cccc(N)c3)ccc21,CHEMBL4281164,4,100000,0
Cn1c(N)c(C#N)c2cc(OCc3ccccc3)ccc21,CHEMBL4284586,4,100000,0
Cn1c(N)c(C#N)c2cc(Oc3ccc(NC(=O)CN)cc3)ccc21,CHEMBL3422653,4.327902142,47000,0
Cn1cc(C2(N)CCCN(c3cnc(-c4ccc(F)c(F)c4)cc3Cn3cnc4c(N)nccc43)C2)cn1,CHEMBL6026936,6.279840697,525,1
Cn1cc(C2(N)CCCN(c3cnc(-c4ccc(F)c(F)c4)cc3Cn3cnc4c(N)ncnc43)C2)nn1,CHEMBL6003325,6.279840697,525,1
Cn1cc([C@@]2(N)CCCN(c3cnc(-c4ccc(N)c(F)c4)cc3Cn3cnc4c(N)ncnc43)C2)cn1,CHEMBL5790031,8.259637311,5.5,1
Cn1ccc(C(=O)C2(N)CCCN(c3cnc(-c4ccc(F)c(F)c4)cc3Cn3cnc4c(N)ncnc43)C2)n1,CHEMBL5989654,6.279840697,525,1
Cn1ccc(C[C@@]2(N)CCCN(c3cnc(-c4ccc(F)c(F)c4)cc3Cn3cnc4c(N)ncnc43)C2)n1,CHEMBL5757623,8.259637311,5.5,1
Cn1ccc(C[C@@]2(N)CCCN(c3cnc(-c4ccc(F)cc4)cc3Cn3cnc4c(N)ncnc43)C2)n1,CHEMBL5904536,8.259637311,5.5,1
Cn1cnc(-c2ccc(CN)cc2)c1-c1ccc(C#N)cc1,CHEMBL5172625,4.855425792,13950,0
Cn1cnc(-c2ccc(CN)cc2C(F)(F)F)c1-c1ccc(C#N)cc1,CHEMBL5183061,5.221125528,6010,0
Cn1cnc(-c2ccc(CN)cc2Cl)c1-c1ccc(C#N)cc1,CHEMBL5196361,5.21395879,6110,0
Cn1cnc(-c2ccc(CN)cc2F)c1-c1ccc(C#N)cc1,CHEMBL5194309,4.951169913,11190,0
Cn1cnc(-c2cccc(C(N)=O)c2)c1-c1ccc2c(c1)OCC(=O)N2,CHEMBL5561556,5.400000186,3981.07,0
Cn1cnc(-c2ccccc2)c1-c1ccc2c(c1)OCC(=O)N2,CHEMBL5556655,5.499999679,3162.28,0
Cn1cnc2ccc(-c3cc(Cn4cnc5c(N)ncnc54)c(N4CCCC(N)(c5cccc(Cl)n5)C4)cn3)cc21,CHEMBL5907575,6.279840697,525,1
Cn1ncc([C@H]2CCCN(c3cnc(-c4ccc(F)c(F)c4)cc3Cn3cnc4c(N)nccc43)C2)n1,CHEMBL5809508,8.259637311,5.5,1
Cn1ncc2cc(-c3cc(Cn4cnc5c(N)ncnc54)c(N4CCCC(N)(c5cccc(Cl)n5)C4)cn3)ccc21,CHEMBL5744448,6.279840697,525,1
Cn1ncc2cc(-c3cc(Cn4cnc5c(N)ncnc54)c(N4CCC[C@](N)([C@@H](O)C(F)F)C4)cn3)c(F)cc21,CHEMBL5819117,8.259637311,5.5,1
Cn1ncc2cc(-c3cc(Cn4cnc5c(N)ncnc54)c(N4CCC[C@](N)([C@H](O)C(F)F)C4)cn3)c(F)cc21,CHEMBL5805688,6.279840697,525,1
Cn1nnc2cc(NC(=O)Nc3cccc([N+](=O)[O-])c3)ccc21,CHEMBL5412139,5.080921908,8300,0
Cn1nnc2ccc(NC(=O)Nc3cccc([N+](=O)[O-])c3)cc21,CHEMBL5431172,5.080921908,8300,0
N#CC1CCN(c2cnc(-c3ccc(F)c(F)c3)cc2Cn2cnc3c(N)ncnc32)CC1N,CHEMBL6036359,6,1000,1
N#CCC1(N)CCCN(c2cnc(-c3ccc(F)c(F)c3)cc2Cn2cnc3c(N)ncnc32)C1,CHEMBL5993951,6,1000,1
N#Cc1c(N)[nH]c2ccc(OCc3ccccc3)cc12,CHEMBL4280063,4.30980392,49000,0
N#Cc1c(N)[nH]c2ccc(Oc3ccc(NC(=O)[C@@H](N)CO)cc3)cc12,CHEMBL3422654,4.958607315,11000,0
N#Cc1c(N)[nH]c2ccc(Oc3ccc(NC(=O)[C@H](N)CO)cc3)cc12,CHEMBL3421643,5.040958608,9100,0
N#Cc1c(N)n(CC2CC2)c2ccc(Oc3ccc(NC(=O)CN)cc3)cc12,CHEMBL4295161,5.236572006,5800,0
N#Cc1ccc(-c2cc(Cn3cnc4c(N)ncnc43)c(N3CCCC(N)(c4cccc(Cl)n4)C3)cn2)cc1F,CHEMBL5876171,6.279840697,525,1
N#Cc1ccc(-c2cc(Cn3cnc4c(N)ncnc43)c(N3CCC[C@@H](N)C3)cn2)cc1Cl,CHEMBL5739997,6.279840697,525,1
N#Cc1ccc(-c2cc(Cn3cnc4c(N)ncnc43)c(N3CC[C@@H](F)[C@@H](N)C3)cn2)cc1F,CHEMBL5743337,6.279840697,525,1
N#Cc1ccc(C(=O)N(Cc2cccs2)C2CC2)cc1,CHEMBL4758943,4.761953897,17300,0
N#Cc1ccc(CNS(=O)(=O)c2cccc3c(N)cccc23)cc1,CHEMBL4850576,4.742321425,18100,0
N#Cc1ccc(N2N=C3c4ccc(C(=O)O)cc4CC[C@@H]3[C@@H]2C2CCCC2)cc1Cl,CHEMBL1215331,5.119186408,7600,0
N#Cc1ccc(OCCn2c(O)nc3c(N)ncnc32)cc1,CHEMBL5557059,5.552841969,2800,0
N#Cc1ccc(OCCn2cnc3c(N)ncnc32)cc1,CHEMBL5564764,5.540607512,2880,0
N#Cc1ccc(OCCn2cnc3c(N)ncnc32)cc1C#N,CHEMBL5559774,5.244887734,5690,0
N#Cc1ccc(OCCn2cnc3c(N)ncnc32)cc1Cl,CHEMBL5560651,5.189767482,6460,0
N#Cc1ccc(OCCn2cnc3c(N)ncnc32)cn1,CHEMBL5564607,5.515700161,3050,0
N#Cc1cccc(C2(N)CCCN(c3cnc(-c4ccc(F)c(F)c4)cc3Cn3cnc4c(N)ncnc43)C2)n1,CHEMBL5842390,6.279840697,525,1
N#Cc1cccc(CNS(=O)(=O)c2cccc3c(N)cccc23)c1,CHEMBL4872729,4.698970004,20000,0
N#Cc1cccc(NC(=O)Nc2ccc3nnsc3c2)c1,CHEMBL5393738,5.124938737,7500,0
NC(=O)C[C@@H]1[C@H](N)CCCN1c1cnc(-c2ccc(F)c(F)c2)cc1Cn1cnc2c(N)ncnc21,CHEMBL5771580,6,1000,1
NC(=O)C[C@@]1(N)CCCN(c2cnc(-c3ccc(F)c(F)c3)cc2Cn2cnc3c(N)ncnc32)C1,CHEMBL6051170,6.279840697,525,1
NC(=O)[C@@H]1[C@H](N)CCCN1c1cnc(-c2ccc(F)c(F)c2)cc1Cn1cnc2c(N)ncnc21,CHEMBL5852677,6,1000,1
NC(=O)c1cccc(C2(N)CCCN(c3cnc(-c4ccc(F)c(F)c4)cc3Cn3cnc4c(N)ncnc43)C2)n1,CHEMBL5780274,6.279840697,525,1
NNc1nc2ccccc2nc1S,CHEMBL4874776,5.522878745,3000,0
N[C@H]1CC[C@H](S(=O)(=O)N2[C@@H]3CC[C@H]2C[C@@H](NC(=O)c2cc(C4CC4)on2)C3)CC1,CHEMBL5678791,5,10000,0
N[C@]1(C2CCC(OC(F)F)CC2)CCCN(c2ccc(-c3ccc(F)c(F)c3)nc2)C1,CHEMBL6056541,8.259637311,5.5,1
Nc1ccc(S(=O)(=O)NCc2ccccc2)c2ccccc12,CHEMBL4865640,4.698970004,20000,0
Nc1ccc2c(S(=O)(=O)NCc3ccccc3)cccc2c1,CHEMBL4864770,4.698970004,20000,0
Nc1ccc2cc(S(=O)(=O)NCc3ccccc3)ccc2c1,CHEMBL4847273,4.698970004,20000,0
Nc1cccc2c(C(=O)NCc3ccccc3)cccc12,CHEMBL4875973,4.71219827,19400,0
Nc1cccc2c(S(=O)(=O)N3CCC(Cc4ccccc4)CC3)cccc12,CHEMBL4852581,4.698970004,20000,0
Nc1cccc2c(S(=O)(=O)NC3CC3c3ccccc3)cccc12,CHEMBL4860747,4.701146924,19900,0
Nc1cccc2c(S(=O)(=O)NCC3CCCCC3)cccc12,CHEMBL4867601,4.698970004,20000,0
Nc1cccc2c(S(=O)(=O)NCC3CCCNC3)cccc12,CHEMBL4858426,4.698970004,20000,0
Nc1cccc2c(S(=O)(=O)NCCc3ccccc3)cccc12,CHEMBL4870938,4.812479279,15400,0
Nc1cccc2c(S(=O)(=O)NCc3ccc(C(=O)O)cc3)cccc12,CHEMBL4867190,4.698970004,20000,0
Nc1cccc2c(S(=O)(=O)NCc3ccc(C(F)(F)F)cc3)cccc12,CHEMBL4877005,4.982966661,10400,0
Nc1cccc2c(S(=O)(=O)NCc3ccc(F)cc3)cccc12,CHEMBL4858012,4.850780887,14100,0
Nc1cccc2c(S(=O)(=O)NCc3ccccc3)cccc12,CHEMBL4854710,5.568636236,2700,0
Nc1cccc2c(S(=O)(=O)NCc3cccs3)cccc12,CHEMBL4853865,4.585026652,26000,0
Nc1cccc2c(S(=O)(=O)NCc3ccncc3)cccc12,CHEMBL4852059,5.568636236,2700,0
Nc1cccc2c(S(=O)(=O)Nc3ccccc3)cccc12,CHEMBL4875996,4.698970004,20000,0
Nc1cccc2cc(S(=O)(=O)NCc3ccccc3)ccc12,CHEMBL4856783,4.698970004,20000,0
Nc1nc2cc(CC[C@H]3C[C@@H](Nc4ncnc5c4C(=O)CCN5)[C@H](O)[C@@H]3O)ccc2cc1Br,CHEMBL5570019,4.698970004,20000,0
Nc1nc2cc(CC[C@H]3C[C@@H](Nc4ncncc4C(=O)c4ccsc4)[C@H](O)[C@@H]3O)ccc2cc1Br,CHEMBL5575577,4.698970004,20000,0
Nc1nccc2c1ncn2Cc1cc(-c2ccc(F)c(F)c2)ncc1N1CCC[C@](N)(c2cccc(C(F)F)n2)C1,CHEMBL5905421,6.279840697,525,1
Nc1nccc2c1ncn2Cc1cc(-c2ccc(F)cc2)ncc1N1CCCC(N)(c2ccccn2)C1,CHEMBL6021723,8.259637311,5.5,1
Nc1nccc2c1ncn2Cc1cc(-c2ccc(F)cc2)ncc1N1CCCC(N)(c2ccn(C3CC3)n2)C1,CHEMBL5976420,8.259637311,5.5,1
Nc1nccc2c1ncn2Cc1cc(-c2ccc(F)cc2)ncc1N1CCC[C@H](c2ccn(C(F)F)n2)C1,CHEMBL5774296,8.259637311,5.5,1
Nc1nccc2c1ncn2Cc1cc(C2CCC2)ncc1N1CCCC(N)(c2cccc(Cl)n2)C1,CHEMBL5823447,6.279840697,525,1
Nc1nccc2c1ncn2Cc1cc(N2CCC2)ncc1N1CCCC(N)(c2cccc(Cl)n2)C1,CHEMBL5920690,6,1000,1
Nc1ncnc2c1ncn2CCOc1ccc(Br)c(F)c1,CHEMBL5558815,5.443697499,3600,0
Nc1ncnc2c1ncn2CCOc1ccc(Br)cc1,CHEMBL5542461,6.091514981,810,1
Nc1ncnc2c1ncn2CCOc1ccc(Br)cc1F,CHEMBL5564456,4.537003388,29040,0
Nc1ncnc2c1ncn2CCOc1ccc(C(F)(F)F)cc1,CHEMBL5567265,4.657182685,22020,0
Nc1ncnc2c1ncn2CCOc1ccc(Cl)cc1,CHEMBL5560302,6.13667714,730,1
Nc1ncnc2c1ncn2CCOc1ccc(F)cc1,CHEMBL5532318,5.13076828,7400,0
Nc1ncnc2c1ncn2CCOc1ccc(I)cc1,CHEMBL5560642,5.351639989,4450,0
Nc1ncnc2c1ncn2Cc1c(N2CCC[C@](N)([C@H](O)C(F)F)C2)cnc(-c2ccc(F)cc2F)c1F,CHEMBL5740930,6.279840697,525,1
Nc1ncnc2c1ncn2Cc1cc(-c2cc(F)c(C(F)F)cc2F)ncc1N1CCC[C@](N)([C@@H](O)C(F)F)C1,CHEMBL6024457,6.279840697,525,1
Nc1ncnc2c1ncn2Cc1cc(-c2cc(F)c(C(F)F)cc2F)ncc1N1CCC[C@](N)([C@H](O)C(F)F)C1,CHEMBL5947764,8.259637311,5.5,1
Nc1ncnc2c1ncn2Cc1cc(-c2cc(F)c(F)cc2C(F)F)ncc1N1CCC[C@](N)([C@@H](O)C(F)F)C1,CHEMBL5969041,6.279840697,525,1
Nc1ncnc2c1ncn2Cc1cc(-c2cc(F)c(F)cc2C(F)F)ncc1N1CCC[C@](N)([C@@H]2COCCO2)C1,CHEMBL5824004,6.279840697,525,1
Nc1ncnc2c1ncn2Cc1cc(-c2cc(F)c(F)cc2C(F)F)ncc1N1CCC[C@](N)([C@H](O)C(F)F)C1,CHEMBL5793280,6.279840697,525,1
Nc1ncnc2c1ncn2Cc1cc(-c2cc(F)c(F)cc2F)ncc1N1CCC[C@](N)([C@@H](F)CO)C1,CHEMBL6002294,8.259637311,5.5,1
Nc1ncnc2c1ncn2Cc1cc(-c2cc(F)c(F)cc2F)ncc1N1CCC[C@](N)([C@@H](O)C(F)F)C1,CHEMBL5425629,8.259637311,5.5,1
Nc1ncnc2c1ncn2Cc1cc(-c2cc(F)c(F)cc2F)ncc1N1CCC[C@](N)([C@@H]2COCCO2)C1,CHEMBL6043431,6.279840697,525,1
Nc1ncnc2c1ncn2Cc1cc(-c2cc(F)c(F)cc2F)ncc1N1CCC[C@](N)([C@H](O)C(F)F)C1,CHEMBL5755701,8.259637311,5.5,1
Nc1ncnc2c1ncn2Cc1cc(-c2cc(F)c(F)cc2F)ncc1N1CCC[C@](N)(c2cccc(Cl)n2)C1,CHEMBL5911792,6.279840697,525,1
Nc1ncnc2c1ncn2Cc1cc(-c2cc(F)c(O)cc2F)ncc1N1CCC[C@](N)([C@H](O)C(F)F)C1,CHEMBL6053114,6.279840697,525,1
Nc1ncnc2c1ncn2Cc1cc(-c2cc(F)c(OC(F)F)cc2F)ncc1N1CCC[C@](N)([C@@H](O)C(F)F)C1,CHEMBL5806551,6.279840697,525,1
Nc1ncnc2c1ncn2Cc1cc(-c2cc(F)c(OC(F)F)cc2F)ncc1N1CCC[C@](N)([C@H](O)C(F)F)C1,CHEMBL5836309,8.259637311,5.5,1
Nc1ncnc2c1ncn2Cc1cc(-c2cc(F)cc(C(F)F)c2F)ncc1N1CCC[C@](N)([C@@H](O)C(F)F)C1,CHEMBL5877953,6.279840697,525,1
Nc1ncnc2c1ncn2Cc1cc(-c2ccc(C(F)(F)F)cc2F)ncc1N1CCC[C@](N)([C@@H](O)C(F)F)C1,CHEMBL5869350,6.279840697,525,1
Nc1ncnc2c1ncn2Cc1cc(-c2ccc(C(F)F)cc2F)ncc1N1CCC[C@](N)([C@@H](O)C(F)F)C1,CHEMBL5930980,8.259637311,5.5,1
Nc1ncnc2c1ncn2Cc1cc(-c2ccc(C(F)F)cc2F)ncc1N1CCC[C@](N)([C@H](O)C(F)F)C1,CHEMBL5995917,6.279840697,525,1
Nc1ncnc2c1ncn2Cc1cc(-c2ccc(CNC(=O)CCl)cc2)ncc1N1CCCC(N)(CC(F)F)C1,CHEMBL5994690,6.279840697,525,1
Nc1ncnc2c1ncn2Cc1cc(-c2ccc(Cl)c(F)c2)ncc1N1CCC[C@](N)([C@@H](O)C(F)F)C1,CHEMBL5946316,8.259637311,5.5,1
Nc1ncnc2c1ncn2Cc1cc(-c2ccc(Cl)c(F)c2)ncc1N1CCC[C@](N)([C@H](O)C(F)F)C1,CHEMBL5837886,6.279840697,525,1
Nc1ncnc2c1ncn2Cc1cc(-c2ccc(Cl)cc2F)ncc1N1CCC[C@](N)([C@@H](O)C(F)F)C1,CHEMBL5987135,6.279840697,525,1
Nc1ncnc2c1ncn2Cc1cc(-c2ccc(Cl)cc2F)ncc1N1CCC[C@](N)([C@H](O)C(F)F)C1,CHEMBL5791450,6.279840697,525,1
Nc1ncnc2c1ncn2Cc1cc(-c2ccc(F)c(Cl)c2)ncc1N1CCC[C@](N)([C@@H](O)C(F)F)C1,CHEMBL5749148,8.259637311,5.5,1
Nc1ncnc2c1ncn2Cc1cc(-c2ccc(F)c(Cl)c2)ncc1N1CCC[C@](N)([C@H](O)C(F)F)C1,CHEMBL5852912,6.279840697,525,1
Nc1ncnc2c1ncn2Cc1cc(-c2ccc(F)c(Cl)n2)ncc1N1CCC[C@](N)([C@@H](O)C(F)F)C1,CHEMBL5747031,6.279840697,525,1
Nc1ncnc2c1ncn2Cc1cc(-c2ccc(F)c(Cl)n2)ncc1N1CCC[C@](N)([C@H](O)C(F)F)C1,CHEMBL5757933,6.279840697,525,1
Nc1ncnc2c1ncn2Cc1cc(-c2ccc(F)c(Cl)n2)ncc1N1CCC[C@](N)(c2cccc(Cl)n2)C1,CHEMBL5968345,6.279840697,525,1
Nc1ncnc2c1ncn2Cc1cc(-c2ccc(F)c(F)c2)ncc1C1CCC[C@](N)(c2nc(Cl)ccc2F)C1,CHEMBL5872075,6.279840697,525,1
Nc1ncnc2c1ncn2Cc1cc(-c2ccc(F)c(F)c2)ncc1N1CCC(O)C(N)(CC(F)F)C1,CHEMBL5782470,6.279840697,525,1
Nc1ncnc2c1ncn2Cc1cc(-c2ccc(F)c(F)c2)ncc1N1CCCC(N)(C(=O)C2CCC2)C1,CHEMBL5795989,6.279840697,525,1
Nc1ncnc2c1ncn2Cc1cc(-c2ccc(F)c(F)c2)ncc1N1CCCC(N)(C(=O)C2CCCC2)C1,CHEMBL5791245,8.259637311,5.5,1
Nc1ncnc2c1ncn2Cc1cc(-c2ccc(F)c(F)c2)ncc1N1CCCC(N)(C(=O)C2CCOC2)C1,CHEMBL5982480,6,1000,1
Nc1ncnc2c1ncn2Cc1cc(-c2ccc(F)c(F)c2)ncc1N1CCCC(N)(C(=O)C2CCOCC2)C1,CHEMBL5773444,6.279840697,525,1
Nc1ncnc2c1ncn2Cc1cc(-c2ccc(F)c(F)c2)ncc1N1CCCC(N)(C(=O)N2CCCCC2)C1,CHEMBL5827527,6.279840697,525,1
Nc1ncnc2c1ncn2Cc1cc(-c2ccc(F)c(F)c2)ncc1N1CCCC(N)(C(=O)NC2CCOC2)C1,CHEMBL5992023,6.279840697,525,1
Nc1ncnc2c1ncn2Cc1cc(-c2ccc(F)c(F)c2)ncc1N1CCCC(N)(C(F)C(F)(F)F)C1,CHEMBL6022550,6.279840697,525,1
Nc1ncnc2c1ncn2Cc1cc(-c2ccc(F)c(F)c2)ncc1N1CCCC(N)(C(F)CF)C1,CHEMBL5973132,6.279840697,525,1
Nc1ncnc2c1ncn2Cc1cc(-c2ccc(F)c(F)c2)ncc1N1CCCC(N)(C=C(F)F)C1,CHEMBL6056845,6.279840697,525,1
Nc1ncnc2c1ncn2Cc1cc(-c2ccc(F)c(F)c2)ncc1N1CCCC(N)(Cc2cccc(F)n2)C1,CHEMBL5775222,6.279840697,525,1
Nc1ncnc2c1ncn2Cc1cc(-c2ccc(F)c(F)c2)ncc1N1CCCC(N)(c2ccc(Cl)nn2)C1,CHEMBL5806078,8.259637311,5.5,1
Nc1ncnc2c1ncn2Cc1cc(-c2ccc(F)c(F)c2)ncc1N1CCCC(N)(c2ccc(O)c(F)n2)C1,CHEMBL5800609,6.279840697,525,1
Nc1ncnc2c1ncn2Cc1cc(-c2ccc(F)c(F)c2)ncc1N1CCCC(N)(c2cccc(F)n2)C1,CHEMBL5800839,6.279840697,525,1
Nc1ncnc2c1ncn2Cc1cc(-c2ccc(F)c(F)c2)ncc1N1CCCC(N)(c2cccnc2)C1,CHEMBL5993361,6,1000,1
Nc1ncnc2c1ncn2Cc1cc(-c2ccc(F)c(F)c2)ncc1N1CCCC(N)(c2cccnn2)C1,CHEMBL5899203,6.279840697,525,1
Nc1ncnc2c1ncn2Cc1cc(-c2ccc(F)c(F)c2)ncc1N1CCCC(N)(c2ccn(C3CC3)n2)C1,CHEMBL5913099,8.259637311,5.5,1
Nc1ncnc2c1ncn2Cc1cc(-c2ccc(F)c(F)c2)ncc1N1CCCC(N)(c2ccncn2)C1,CHEMBL5955436,6.279840697,525,1
Nc1ncnc2c1ncn2Cc1cc(-c2ccc(F)c(F)c2)ncc1N1CCCC(N)(c2cncc(Cl)n2)C1,CHEMBL5750600,6.279840697,525,1
Nc1ncnc2c1ncn2Cc1cc(-c2ccc(F)c(F)c2)ncc1N1CCCC(N)(c2cnccn2)C1,CHEMBL5900770,6.279840697,525,1
Nc1ncnc2c1ncn2Cc1cc(-c2ccc(F)c(F)c2)ncc1N1CCCC(N)C1=O,CHEMBL5932467,6,1000,1
Nc1ncnc2c1ncn2Cc1cc(-c2ccc(F)c(F)c2)ncc1N1CCCC2(COCCN2)C1,CHEMBL5762649,6,1000,1
Nc1ncnc2c1ncn2Cc1cc(-c2ccc(F)c(F)c2)ncc1N1CCC[C@@H](N)[C@@H]1Cn1cccn1,CHEMBL5882358,6.279840697,525,1
Nc1ncnc2c1ncn2Cc1cc(-c2ccc(F)c(F)c2)ncc1N1CCC[C@@H](N)[C@H]1C(=O)O,CHEMBL5748040,6,1000,1
Nc1ncnc2c1ncn2Cc1cc(-c2ccc(F)c(F)c2)ncc1N1CCC[C@@H](N)[C@H]1C(O)C(F)(F)F,CHEMBL5918797,6,1000,1
Nc1ncnc2c1ncn2Cc1cc(-c2ccc(F)c(F)c2)ncc1N1CCC[C@@H](N)[C@H]1CCO,CHEMBL6038055,6.279840697,525,1
Nc1ncnc2c1ncn2Cc1cc(-c2ccc(F)c(F)c2)ncc1N1CCC[C@@H](N)[C@H]1CO,CHEMBL5800936,6.279840697,525,1
Nc1ncnc2c1ncn2Cc1cc(-c2ccc(F)c(F)c2)ncc1N1CCC[C@@H](N)[C@H]1COC(F)F,CHEMBL6009913,6.279840697,525,1
Nc1ncnc2c1ncn2Cc1cc(-c2ccc(F)c(F)c2)ncc1N1CCC[C@@H](N)[C@H]1COCC(F)F,CHEMBL5778380,6.279840697,525,1
Nc1ncnc2c1ncn2Cc1cc(-c2ccc(F)c(F)c2)ncc1N1CCC[C@@H](N)[C@H]1c1ccccc1,CHEMBL5901759,6,1000,1
Nc1ncnc2c1ncn2Cc1cc(-c2ccc(F)c(F)c2)ncc1N1CCC[C@](N)(C(=O)N2CCCC2)C1,CHEMBL5786723,6.279840697,525,1
Nc1ncnc2c1ncn2Cc1cc(-c2ccc(F)c(F)c2)ncc1N1CCC[C@](N)(C(=O)NC2CCOCC2)C1,CHEMBL6055973,6.279840697,525,1
Nc1ncnc2c1ncn2Cc1cc(-c2ccc(F)c(F)c2)ncc1N1CCC[C@](N)(CC(F)F)C1,CHEMBL5748028,6.279840697,525,1
Nc1ncnc2c1ncn2Cc1cc(-c2ccc(F)c(F)c2)ncc1N1CCC[C@](N)(COC(F)F)C1,CHEMBL5849834,6.279840697,525,1
Nc1ncnc2c1ncn2Cc1cc(-c2ccc(F)c(F)c2)ncc1N1CCC[C@](N)(COC2CCC2)C1,CHEMBL6063007,8.259637311,5.5,1
Nc1ncnc2c1ncn2Cc1cc(-c2ccc(F)c(F)c2)ncc1N1CCC[C@](N)(COCC(F)(F)F)C1,CHEMBL5783508,6.279840697,525,1
Nc1ncnc2c1ncn2Cc1cc(-c2ccc(F)c(F)c2)ncc1N1CCC[C@](N)(Cc2ccccn2)C1,CHEMBL5995187,8.259637311,5.5,1
Nc1ncnc2c1ncn2Cc1cc(-c2ccc(F)c(F)c2)ncc1N1CCC[C@](N)(Cc2cnccn2)C1,CHEMBL5804223,6.279840697,525,1
Nc1ncnc2c1ncn2Cc1cc(-c2ccc(F)c(F)c2)ncc1N1CCC[C@](N)(Cc2ncco2)C1,CHEMBL5839336,7.269739004,265.25,1
Nc1ncnc2c1ncn2Cc1cc(-c2ccc(F)c(F)c2)ncc1N1CCC[C@](N)(Cc2nccs2)C1,CHEMBL5954725,8.259637311,5.5,1
Nc1ncnc2c1ncn2Cc1cc(-c2ccc(F)c(F)c2)ncc1N1CCC[C@](N)([C@@H](F)CO)C1,CHEMBL5927688,8.259637311,5.5,1
Nc1ncnc2c1ncn2Cc1cc(-c2ccc(F)c(F)c2)ncc1N1CCC[C@](N)([C@@H](O)C(F)F)C1,CHEMBL5845295,6.279840697,525,1
Nc1ncnc2c1ncn2Cc1cc(-c2ccc(F)c(F)c2)ncc1N1CCC[C@](N)([C@H](F)c2ccccn2)C1,CHEMBL5909782,8.259637311,5.5,1
Nc1ncnc2c1ncn2Cc1cc(-c2ccc(F)c(F)c2)ncc1N1CCC[C@](N)([C@H](O)C(F)(F)F)C1,CHEMBL5757864,6.139920348,762.5,1
Nc1ncnc2c1ncn2Cc1cc(-c2ccc(F)c(F)c2)ncc1N1CCC[C@](N)([C@H](O)C(F)F)C1,CHEMBL5835581,6.279840697,525,1
Nc1ncnc2c1ncn2Cc1cc(-c2ccc(F)c(F)c2)ncc1N1CCC[C@](N)(c2cc(O)cc(Cl)n2)C1,CHEMBL5895248,8.259637311,5.5,1
Nc1ncnc2c1ncn2Cc1cc(-c2ccc(F)c(F)c2)ncc1N1CCC[C@](N)(c2cc(O)cc(F)n2)C1,CHEMBL5911459,8.259637311,5.5,1
Nc1ncnc2c1ncn2Cc1cc(-c2ccc(F)c(F)c2)ncc1N1CCC[C@](N)(c2ccc[nH]c2=O)C1,CHEMBL5985357,8.259637311,5.5,1
Nc1ncnc2c1ncn2Cc1cc(-c2ccc(F)c(F)c2)ncc1N1CCC[C@](N)(c2cccc(C(F)F)n2)C1,CHEMBL5900203,6.279840697,525,1
Nc1ncnc2c1ncn2Cc1cc(-c2ccc(F)c(F)c2)ncc1N1CCC[C@](N)(c2cccc(CF)n2)C1,CHEMBL5785679,8.259637311,5.5,1
Nc1ncnc2c1ncn2Cc1cc(-c2ccc(F)c(F)c2)ncc1N1CCC[C@](N)(c2cccc(Cl)n2)C1,CHEMBL5781540,8.259637311,5.5,1
Nc1ncnc2c1ncn2Cc1cc(-c2ccc(F)c(F)c2)ncc1N1CCC[C@](N)(c2cccc(F)n2)C1,CHEMBL5783327,8.259637311,5.5,1
Nc1ncnc2c1ncn2Cc1cc(-c2ccc(F)c(F)c2)ncc1N1CCC[C@](N)(c2cccc(O)n2)C1,CHEMBL6054849,8.259637311,5.5,1
Nc1ncnc2c1ncn2Cc1cc(-c2ccc(F)c(F)c2)ncc1N1CCC[C@](N)(c2ccccn2)C1,CHEMBL5422710,7.744727495,18,1
Nc1ncnc2c1ncn2Cc1cc(-c2ccc(F)c(F)c2)ncc1N1CCC[C@](N)(c2ccnc(Cl)c2)C1,CHEMBL6030920,6.279840697,525,1
Nc1ncnc2c1ncn2Cc1cc(-c2ccc(F)c(F)c2)ncc1N1CCC[C@](N)(c2ccncc2)C1,CHEMBL6026048,6.279840697,525,1
Nc1ncnc2c1ncn2Cc1cc(-c2ccc(F)c(F)c2)ncc1N1CCC[C@](N)(c2ccncc2F)C1,CHEMBL5780578,6.279840697,525,1
Nc1ncnc2c1ncn2Cc1cc(-c2ccc(F)c(F)c2)ncc1N1CCC[C@](N)(c2nc(F)ccc2O)C1,CHEMBL6051036,8.259637311,5.5,1
Nc1ncnc2c1ncn2Cc1cc(-c2ccc(F)c(F)c2)ncc1N1CCC[C@](N)(c2ncccc2F)C1,CHEMBL5769385,8.259637311,5.5,1
Nc1ncnc2c1ncn2Cc1cc(-c2ccc(F)c(F)c2)ncc1N1CCC[C@]2(COC(=O)N2)C1,CHEMBL6061891,6.279840697,525,1
Nc1ncnc2c1ncn2Cc1cc(-c2ccc(F)c(F)c2)ncc1N1CC[C@@H](O)[C@@H](N)C1,CHEMBL6024604,6.279840697,525,1
Nc1ncnc2c1ncn2Cc1cc(-c2ccc(F)c(F)c2)ncc1N1CC[C@@H](O)[C@](N)(c2cccc(Cl)n2)C1,CHEMBL5860352,6.279840697,525,1
Nc1ncnc2c1ncn2Cc1cc(-c2ccc(F)c(F)c2)ncc1N1C[C@H](N)CCC1=O,CHEMBL5824592,6,1000,1
Nc1ncnc2c1ncn2Cc1cc(-c2ccc(F)c(F)c2)ncc1N1C[C@H](N)C[C@H](F)C1,CHEMBL5762362,6.279840697,525,1
Nc1ncnc2c1ncn2Cc1cc(-c2ccc(F)c(F)c2C(F)F)ncc1N1CCC[C@](N)([C@@H](O)C(F)F)C1,CHEMBL6004393,6.279840697,525,1
Nc1ncnc2c1ncn2Cc1cc(-c2ccc(F)c(F)c2F)ncc1N1CCC[C@](N)([C@@H](O)C(F)F)C1,CHEMBL5903363,6.279840697,525,1
Nc1ncnc2c1ncn2Cc1cc(-c2ccc(F)cc2)ncc1N1CCCC(N)(c2ccc(F)c(CF)n2)C1,CHEMBL5889889,6.279840697,525,1
Nc1ncnc2c1ncn2Cc1cc(-c2ccc(F)cc2)ncc1N1CCCC(N)(c2ccc(F)cn2)C1,CHEMBL5898420,6.279840697,525,1
Nc1ncnc2c1ncn2Cc1cc(-c2ccc(F)cc2)ncc1N1CCCC(N)(c2cccc(Cl)n2)C1,CHEMBL5761264,8.259637311,5.5,1
Nc1ncnc2c1ncn2Cc1cc(-c2ccc(F)cc2)ncc1N1CCCC(N)(c2csc(Cl)n2)C1,CHEMBL5883713,6.279840697,525,1
Nc1ncnc2c1ncn2Cc1cc(-c2ccc(F)cc2)ncc1N1CCC[C@](N)(CC(F)F)C1,CHEMBL6046403,6.279840697,525,1
Nc1ncnc2c1ncn2Cc1cc(-c2ccc(F)cc2)ncc1N1CCC[C@](N)(COC(F)F)C1,CHEMBL5858970,6.279840697,525,1
Nc1ncnc2c1ncn2Cc1cc(-c2ccc(F)cc2)ncc1N1CCC[C@](N)(COC2CCC2)C1,CHEMBL6021195,6.279840697,525,1
Nc1ncnc2c1ncn2Cc1cc(-c2ccc(F)cc2)ncc1N1CCC[C@](N)(COCC(F)(F)F)C1,CHEMBL6031282,6.279840697,525,1
Nc1ncnc2c1ncn2Cc1cc(-c2ccc(F)cc2)ncc1N1CCC[C@](N)(c2ccc(F)c(C(F)F)n2)C1,CHEMBL5878449,6.279840697,525,1
Nc1ncnc2c1ncn2Cc1cc(-c2ccc(F)cc2)ncc1N1CCC[C@](N)(c2ccc(F)c(Cl)n2)C1,CHEMBL5857900,8.259637311,5.5,1
Nc1ncnc2c1ncn2Cc1cc(-c2ccc(F)cc2)ncc1N1CCC[C@](N)(c2cccc(C(F)F)n2)C1,CHEMBL5788218,8.259637311,5.5,1
Nc1ncnc2c1ncn2Cc1cc(-c2ccc(F)cc2)ncc1N1CCC[C@](N)(c2cccc(C3CC3)n2)C1,CHEMBL5924462,8.259637311,5.5,1
Nc1ncnc2c1ncn2Cc1cc(-c2ccc(F)cc2)ncc1N1CCC[C@](N)(c2ccn(C(F)F)n2)C1,CHEMBL5977019,8.259637311,5.5,1
Nc1ncnc2c1ncn2Cc1cc(-c2ccc(F)cc2C(F)F)ncc1N1CCC[C@](N)([C@@H](O)C(F)F)C1,CHEMBL5998663,8.259637311,5.5,1
Nc1ncnc2c1ncn2Cc1cc(-c2ccc(F)cc2C(F)F)ncc1N1CCC[C@](N)([C@H](O)C(F)F)C1,CHEMBL5775660,8.259637311,5.5,1
Nc1ncnc2c1ncn2Cc1cc(-c2ccc(F)cc2F)ncc1N1CCC[C@](N)([C@@H](O)C(F)F)C1,CHEMBL5862327,6.279840697,525,1
Nc1ncnc2c1ncn2Cc1cc(-c2ccc(F)cc2F)ncc1N1CCC[C@](N)([C@H](O)C(F)F)C1,CHEMBL5792017,6.279840697,525,1
Nc1ncnc2c1ncn2Cc1cc(-c2ccc(F)cc2F)ncc1N1CCC[C@](N)(c2cccc(Cl)n2)C1,CHEMBL5835114,8.259637311,5.5,1
Nc1ncnc2c1ncn2Cc1cc(-c2ccc(F)cn2)ncc1N1CCC[C@](N)([C@@H](O)C(F)F)C1,CHEMBL5870811,6.279840697,525,1
Nc1ncnc2c1ncn2Cc1cc(-c2ccc(F)cn2)ncc1N1CCC[C@](N)(c2cccc(Cl)n2)C1,CHEMBL5769388,6.279840697,525,1
Nc1ncnc2c1ncn2Cc1cc(-c2ccc(NC(=O)CCBr)cc2)ncc1N1CCCC(N)(CC(F)F)C1,CHEMBL5936890,6.279840697,525,1
Nc1ncnc2c1ncn2Cc1cc(-c2ccc(OC(F)F)c(F)c2)ncc1N1CCCC(N)(c2cccc(Cl)n2)C1,CHEMBL6056072,6.279840697,525,1
Nc1ncnc2c1ncn2Cc1cc(-c2ccc(OC(F)F)c(F)c2)ncc1N1CCC[C@](N)([C@@H](O)C(F)F)C1,CHEMBL5955746,8.259637311,5.5,1
Nc1ncnc2c1ncn2Cc1cc(-c2ccc(OC(F)F)c(F)c2)ncc1N1CCC[C@](N)([C@H](O)C(F)F)C1,CHEMBL6044474,8.259637311,5.5,1
Nc1ncnc2c1ncn2Cc1cc(-c2ccc(OC(F)F)cc2)ncc1N1CCCC(N)(c2cccc(Cl)n2)C1,CHEMBL5833489,6.279840697,525,1
Nc1ncnc2c1ncn2Cc1cc(-c2ccc(OC(F)F)cc2F)ncc1N1CCC[C@](N)([C@@H](O)C(F)F)C1,CHEMBL6037787,6.279840697,525,1
Nc1ncnc2c1ncn2Cc1cc(-c2ccc(OC(F)F)cc2F)ncc1N1CCC[C@](N)([C@H](O)C(F)F)C1,CHEMBL6003770,6.279840697,525,1
Nc1ncnc2c1ncn2Cc1cc(-c2ccc3c(c2)CCO3)ncc1N1CCC[C@](N)(c2cccc(Cl)n2)C1,CHEMBL5988113,6.279840697,525,1
Nc1ncnc2c1ncn2Cc1cc(-c2ccc3c(c2)CCO3)ncc1N1CC[C@@H](F)[C@@H](N)C1,CHEMBL5991772,6.279840697,525,1
Nc1ncnc2c1ncn2Cc1cc(-c2ccc3c(c2)COC3)ncc1N1CCCC(N)(c2cccc(Cl)n2)C1,CHEMBL5968989,6.279840697,525,1
Nc1ncnc2c1ncn2Cc1cc(-c2ccc3c(c2)OCO3)ncc1N1CCCC(N)(c2cccc(Cl)n2)C1,CHEMBL6046850,6.279840697,525,1
Nc1ncnc2c1ncn2Cc1cc(-c2ccc3ccnn3c2)ncc1N1CCCC(N)(c2cccc(Cl)n2)C1,CHEMBL5878728,6.279840697,525,1
Nc1ncnc2c1ncn2Cc1cc(-c2ccc3nccn3c2)ncc1N1CCCC(N)(c2cccc(Cl)n2)C1,CHEMBL5943140,6.279840697,525,1
Nc1ncnc2c1ncn2Cc1cc(-c2cccc(Cl)c2)ncc1N1CC[C@@H](F)[C@@H](N)C1,CHEMBL5892786,6.279840697,525,1
Nc1ncnc2c1ncn2Cc1cc(-c2cccc(F)c2)ncc1N1CCC(F)(F)C(N)C1,CHEMBL5902446,6,1000,1
Nc1ncnc2c1ncn2Cc1cc(-c2cccc(F)c2)ncc1N1CCC[C@@H](N)C1,CHEMBL5992084,6.279840697,525,1
Nc1ncnc2c1ncn2Cc1cc(-c2cccc(F)c2)ncc1N1CCC[C@@](N)(CC(=O)O)C1,CHEMBL5997942,8.259637311,5.5,1
Nc1ncnc2c1ncn2Cc1cc(-c2cccc(F)c2)ncc1N1CCC[C@](N)(CC(=O)O)C1,CHEMBL5838209,8.259637311,5.5,1
Nc1ncnc2c1ncn2Cc1cc(-c2cccc(F)c2)ncc1N1CCC[C@](N)(COC(F)F)C1,CHEMBL6051868,6.279840697,525,1
Nc1ncnc2c1ncn2Cc1cc(-c2cccc(F)c2)ncc1N1CCC[C@](N)(COC2CCC2)C1,CHEMBL5783068,8.259637311,5.5,1
Nc1ncnc2c1ncn2Cc1cc(-c2cccc(F)c2)ncc1N1CC[C@@H](F)[C@@H](N)C1,CHEMBL6058994,6.279840697,525,1
Nc1ncnc2c1ncn2Cc1cc(-c2ccccc2F)ncc1N1CC[C@@H](F)[C@@H](N)C1,CHEMBL5899332,6.279840697,525,1
Nc1ncnc2c1ncn2Cc1cc(-c2cnc(F)c(Cl)c2)ncc1N1CCC[C@](N)(c2cccc(Cl)n2)C1,CHEMBL5795218,6.279840697,525,1
Nc1ncnc2c1ncn2Cc1cc(-c2cnc(F)c(F)c2)ncc1N1CCCC(N)(c2cccc(Cl)n2)C1,CHEMBL5796871,6.279840697,525,1
Nc1ncnc2c1ncn2Cc1cc(-c2cnc(O)c(F)c2)ncc1N1CCCC(N)(c2cccc(Cl)n2)C1,CHEMBL5909953,6.279840697,525,1
Nc1ncnc2c1ncn2Cc1cc(C2CC2)ncc1N1CCC[C@](N)(c2cccc(C(F)F)n2)C1,CHEMBL5743480,6.279840697,525,1
Nc1ncnc2c1ncn2Cc1cc(C2CC2)ncc1N1CCC[C@](N)(c2cccc(Cl)n2)C1,CHEMBL5923946,6.279840697,525,1
Nc1ncnc2c1ncn2Cc1cc(C2CCCCC2)ncc1N1CCC[C@](N)([C@@H](O)C(F)F)C1,CHEMBL5996064,8.259637311,5.5,1
Nc1ncnc2c1ncn2Cc1cc(C2CCCCC2)ncc1N1CCC[C@](N)([C@H](O)C(F)F)C1,CHEMBL5857686,6.279840697,525,1
Nc1ncnc2c1ncn2[C@@H]1O[C@H](CC(N)CC[C@H](N)C(=O)O)[C@@H](O)[C@H]1O,CHEMBL1092583,4.585026652,26000,0
Nc1ncnc2c1ncn2[C@@H]1O[C@H](CSCCNCc2cccc(Br)c2)[C@@H](O)[C@H]1O,CHEMBL5613649,5,10000,0
Nc1ncnc2c1ncn2[C@@H]1O[C@H](CSCC[C@H](N)C(=O)O)[C@@H](O)[C@H]1O,CHEMBL418052,4.407823243,39100,0
Nc1ncnc2c1ncn2[C@@H]1O[C@H](C[C@@H](N)CC[C@H](N)C(=O)O)[C@@H](O)[C@H]1O,CHEMBL1214186,4.219807539,62500,0
O=C(NC1CN(Cc2cnn(Cc3ccc(Cl)cc3)c2)C1)c1cn(C2CC2)nn1,CHEMBL5187983,5,10000,0
O=C(NC1CN(Cc2cnn(Cc3ccccc3)c2)C1)c1cn(C2CC2)nn1,CHEMBL5197760,5,10000,0
O=C(NCCCN(Cc1nc2sc3c(c2c(=O)[nH]1)CCCC3)Cc1nc2sc3c(c2c(=O)[nH]1)CCCC3)c1cc2ccccc2c(=O)o1,CHEMBL5416266,3.954677021,111000,0
O=C(NCc1ccccc1)c1cccc2[nH]ccc12,CHEMBL4856393,4.698970004,20000,0
O=C(NCc1ccccc1)c1cccc2ncccc12,CHEMBL4877262,4.707743929,19600,0
O=C(Nc1cccc([N+](=O)[O-])c1)Nc1ccc2nnsc2c1,CHEMBL5418173,5.318758763,4800,0
O=C(OCc1ccccc1)N1CCC(Nc2cccc3c(S(=O)(=O)NCc4ccccc4)cccc23)CC1,CHEMBL4848209,4.698970004,20000,0
O=C(c1ccccc1)N1CCC(Nc2cccc3c(S(=O)(=O)NCc4ccccc4)cccc23)CC1,CHEMBL4851342,4.744727495,18000,0
O=C1C(Cl)=C(NC23CC(NC(=O)C4CC4(F)F)(C2)C3)C(=O)c2ncccc21,CHEMBL5435504,6.387216143,410,1
O=C1C(Cl)=C(NC2CCc3ccccc32)C(=O)c2ncccc21,CHEMBL131199,6.677780705,210,1
O=C1C(Cl)=C(NCCC2(O)CCN(C(=O)C3CC3(F)F)CC2)C(=O)c2ncccc21,CHEMBL5406268,6.698970004,200,1
O=C1C(Cl)=C(NCCN2CCOCC2)C(=O)c2ncccc21,CHEMBL337173,6.769551079,170,1
O=C1C(Cl)=C(NCCc2c[nH]c3ccccc23)C(=O)c2ncccc21,CHEMBL340219,6.346787486,450,1
O=C1C(NC23CC(NC(=O)C4CC4(F)F)(C2)C3)=C(Cl)C(=O)c2ncccc21,CHEMBL5411172,5.835647144,1460,0
O=C1C(NC2CCc3ccccc32)=C(Cl)C(=O)c2ncccc21,CHEMBL5408020,6.346787486,450,1
O=C1C(NCCC2(O)CCN(C(=O)C3CC3(F)F)CC2)=C(Cl)C(=O)c2ncccc21,CHEMBL5397204,5.89279003,1280,0
O=C1C(NCCN2CCOCC2)=C(Cl)C(=O)c2ncccc21,CHEMBL337520,6.30980392,490,1
O=C1C(NCCc2c[nH]c3ccccc23)=C(Cl)C(=O)c2ncccc21,CHEMBL5428630,5.640164518,2290,0
O=C1COc2cc(C(=O)N(Cc3ccc(C(=O)Nc4ccncn4)cc3)C3CC3)ccc2N1,CHEMBL5200945,6.982966661,104,1
O=C1O[C@@H](C(=O)N2CCN(Cc3nc4sc5c(c4c(=O)[nH]3)CCCC5)CC2)Cc2ccccc21,CHEMBL4860876,3.879426069,132000,0
O=S(=O)(NCc1ccccc1)c1cccc2c(NC3CCCCC3)cccc12,CHEMBL4864181,4.899629455,12600,0
O=S(=O)(NCc1ccccc1)c1cccc2c(NC3CCNCC3)cccc12,CHEMBL4847094,4.991399828,10200,0
O=S(=O)(NCc1ccccc1)c1cccc2c(NCC3CC3)cccc12,CHEMBL4857152,4.970616222,10700,0
O=S(=O)(NCc1ccccc1)c1cccc2ccccc12,CHEMBL4863964,4.698970004,20000,0
O=c1cc(-c2ccc(O)cc2)oc2cc(O)c(O)c(O)c12,CHEMBL55415,5.576754126,2650,0
